alg,num-taxa,gene-trees,replicate,sb,spmin,spmax,rf-rate,running-time-s,max-cpu-mb,max-gpu-mb,gt-gt,gt-st
stelar,100,100,R3,0.000001,75000,750000,0.0206,2.155,229.949,0.000,,
astral,100,100,R3,0.000001,75000,750000,0.0206,2.545,390.320,107.520,,
tree-qmc,100,100,R3,0.000001,75000,750000,0.0000,3.781,12.125,0.000,,
wqfm-tree,100,100,R3,0.000001,75000,750000,0.0103,3.072,301.289,0.000,,
