alg,folder,inner_folder,replicate,rf-rate,running-time-s,max-cpu-mb,max-gpu-mb,exit-code
stelar,200-taxon,inner200,R10,0.0202,2.319,482.492,115.712,0
wqfmtree,200-taxon,inner200,R10,0.0101,230.459,1645.793,15.360,0
astral,200-taxon,inner200,R10,0.0101,20.869,1187.793,107.520,0
treeqmc,200-taxon,inner200,R10,0.0101,132.697,152.410,15.360,0
stelar,200-taxon,inner200,R7,0.0808,1.879,472.688,111.616,0
wqfmtree,200-taxon,inner200,R7,0.0404,222.091,1705.207,15.360,0
astral,200-taxon,inner200,R7,0.0404,22.052,1218.785,107.520,0
treeqmc,200-taxon,inner200,R7,0.0404,135.367,152.602,15.360,0
stelar,200-taxon,inner200,R6,0.0354,2.640,485.207,117.760,0
wqfmtree,200-taxon,inner200,R6,0.0202,250.600,1824.387,15.360,0
astral,200-taxon,inner200,R6,0.0202,31.099,1171.383,107.520,0
treeqmc,200-taxon,inner200,R6,0.0202,134.397,152.453,15.360,0
stelar,200-taxon,inner200,R2,0.6465,1.008,373.168,NA,0
wqfmtree,200-taxon,inner200,R2,0.0101,231.688,1823.359,15.360,0
astral,200-taxon,inner200,R2,0.0101,27.200,1454.719,107.520,0
treeqmc,200-taxon,inner200,R2,0.0101,132.554,152.117,15.360,0
stelar,200-taxon,inner200,R5,0.0606,2.207,480.535,111.616,0
wqfmtree,200-taxon,inner200,R5,0.0253,218.901,1841.855,15.360,0
astral,200-taxon,inner200,R5,0.0253,21.536,1261.570,107.520,0
treeqmc,200-taxon,inner200,R5,0.0253,130.490,152.266,15.360,0
stelar,200-taxon,inner200,R1,0.6970,1.230,388.375,NA,0
wqfmtree,200-taxon,inner200,R1,0.0303,232.955,2033.594,15.360,0
astral,200-taxon,inner200,R1,0.0404,26.653,1195.230,107.520,0
treeqmc,200-taxon,inner200,R1,0.0354,131.770,151.707,15.360,0
stelar,200-taxon,inner200,R9,0.0303,1.953,474.926,111.616,0
wqfmtree,200-taxon,inner200,R9,0.0253,211.234,1690.211,15.360,0
astral,200-taxon,inner200,R9,0.0253,18.245,1397.609,107.520,0
treeqmc,200-taxon,inner200,R9,0.0253,129.810,152.203,15.360,0
stelar,200-taxon,inner200,R3,0.6667,1.012,367.598,NA,0
wqfmtree,200-taxon,inner200,R3,0.0354,211.790,1685.168,15.360,0
astral,200-taxon,inner200,R3,0.0303,21.150,1196.426,107.520,0
treeqmc,200-taxon,inner200,R3,0.0354,130.930,151.910,15.360,0
stelar,200-taxon,inner200,R4,0.7475,1.142,386.379,NA,0
wqfmtree,200-taxon,inner200,R4,0.0152,261.283,1749.551,15.360,0
astral,200-taxon,inner200,R4,0.0152,32.851,1349.512,107.520,0
treeqmc,200-taxon,inner200,R4,0.0152,133.933,151.984,15.360,0
stelar,200-taxon,inner200,R8,0.1162,4.440,555.902,128.000,0
wqfmtree,200-taxon,inner200,R8,0.0758,311.442,2071.242,15.360,0
astral,200-taxon,inner200,R8,0.0859,83.063,1302.578,107.520,0
treeqmc,200-taxon,inner200,R8,0.0758,137.175,152.062,15.360,0
stelar,100-taxon,inner100,R10,0.0714,2.722,384.051,109.568,0
wqfmtree,100-taxon,inner100,R10,0.0510,50.999,1042.816,15.360,0
astral,100-taxon,inner100,R10,0.0510,8.870,961.691,105.472,0
treeqmc,100-taxon,inner100,R10,0.0510,23.451,78.102,15.360,0
stelar,100-taxon,inner100,R7,0.0510,1.187,376.797,107.520,0
wqfmtree,100-taxon,inner100,R7,0.0408,45.439,1620.254,15.360,0
astral,100-taxon,inner100,R7,0.0408,6.562,927.191,105.472,0
treeqmc,100-taxon,inner100,R7,0.0408,22.528,77.848,15.360,0
stelar,100-taxon,inner100,R6,0.1122,1.081,365.121,107.520,0
wqfmtree,100-taxon,inner100,R6,0.0000,46.219,1209.695,15.360,0
astral,100-taxon,inner100,R6,0.0000,5.693,913.574,105.472,0
treeqmc,100-taxon,inner100,R6,0.0000,23.174,77.906,15.360,0
stelar,100-taxon,inner100,R2,0.0306,2.693,396.090,107.520,0
wqfmtree,100-taxon,inner100,R2,0.0102,60.480,935.406,15.360,0
astral,100-taxon,inner100,R2,0.0204,8.325,1002.363,105.472,0
treeqmc,100-taxon,inner100,R2,0.0204,23.499,77.855,15.360,0
stelar,100-taxon,inner100,R5,0.0102,1.016,370.422,107.520,0
wqfmtree,100-taxon,inner100,R5,0.0102,43.809,1200.301,15.360,0
astral,100-taxon,inner100,R5,0.0102,5.116,918.672,105.472,0
treeqmc,100-taxon,inner100,R5,0.0102,22.199,77.793,15.360,0
stelar,100-taxon,inner100,R1,0.1531,2.223,179.637,105.472,0
stelar,100-taxon,inner100,R9,0.0510,2.801,371.359,109.568,0
stelar,100-taxon,inner100,R3,0.1327,1.953,387.648,111.616,0
stelar,100-taxon,inner100,R4,0.0612,1.271,380.770,107.520,0
wqfmtree,100-taxon,inner100,R4,0.0306,49.771,1006.699,15.360,0
astral,100-taxon,inner100,R4,0.0510,7.575,1019.527,105.472,0
treeqmc,100-taxon,inner100,R4,0.0306,23.749,77.789,15.360,0
stelar,100-taxon,inner100,R8,0.1327,2.103,409.715,111.616,0
stelar,37-taxon,estimated-genetrees/1X-400-500,R10,0.0294,0.690,223.469,107.520,0
wqfmtree,37-taxon,estimated-genetrees/1X-400-500,R10,0.0294,1.932,306.277,15.360,0
astral,37-taxon,estimated-genetrees/1X-400-500,R10,0.0294,2.427,408.219,105.472,0
aster,37-taxon,estimated-genetrees/1X-400-500,R10,0.0294,0.935,42.887,15.360,0
treeqmc,37-taxon,estimated-genetrees/1X-400-500,R10,0.0294,1.663,14.992,15.360,0
tmc,37-taxon,estimated-genetrees/1X-400-500,R10,0.1471,11.912,162.918,15.360,0
supertriplets,37-taxon,estimated-genetrees/1X-400-500,R10,0.1324,0.803,226.707,15.360,0
stelar,37-taxon,estimated-genetrees/1X-400-500,R14,0.0294,0.672,223.969,107.520,0
wqfmtree,37-taxon,estimated-genetrees/1X-400-500,R14,0.0000,1.682,303.301,15.360,0
astral,37-taxon,estimated-genetrees/1X-400-500,R14,0.0000,2.372,407.500,105.472,0
aster,37-taxon,estimated-genetrees/1X-400-500,R14,0.0000,0.858,41.547,15.360,0
treeqmc,37-taxon,estimated-genetrees/1X-400-500,R14,0.0000,1.652,15.305,15.360,0
tmc,37-taxon,estimated-genetrees/1X-400-500,R14,0.2941,12.209,163.125,15.360,0
supertriplets,37-taxon,estimated-genetrees/1X-400-500,R14,0.1618,0.847,222.418,15.360,0
stelar,37-taxon,estimated-genetrees/1X-400-500,R7,0.0000,0.777,226.754,107.520,0
wqfmtree,37-taxon,estimated-genetrees/1X-400-500,R7,0.0000,2.015,306.805,15.360,0
astral,37-taxon,estimated-genetrees/1X-400-500,R7,0.0000,2.429,431.164,105.472,0
aster,37-taxon,estimated-genetrees/1X-400-500,R7,0.0000,0.983,43.039,15.360,0
treeqmc,37-taxon,estimated-genetrees/1X-400-500,R7,0.0000,1.607,14.910,15.360,0
tmc,37-taxon,estimated-genetrees/1X-400-500,R7,0.2353,11.980,163.230,15.360,0
supertriplets,37-taxon,estimated-genetrees/1X-400-500,R7,0.1176,0.826,227.543,15.360,0
stelar,37-taxon,estimated-genetrees/1X-400-500,R6,0.0294,0.664,224.000,107.520,0
wqfmtree,37-taxon,estimated-genetrees/1X-400-500,R6,0.0294,1.939,305.031,15.360,0
astral,37-taxon,estimated-genetrees/1X-400-500,R6,0.0294,2.403,417.984,105.472,0
aster,37-taxon,estimated-genetrees/1X-400-500,R6,0.0294,1.061,43.004,15.360,0
treeqmc,37-taxon,estimated-genetrees/1X-400-500,R6,0.0294,1.662,15.016,15.360,0
tmc,37-taxon,estimated-genetrees/1X-400-500,R6,0.2647,11.010,163.367,15.360,0
supertriplets,37-taxon,estimated-genetrees/1X-400-500,R6,0.1324,0.845,226.379,15.360,0
stelar,37-taxon,estimated-genetrees/1X-400-500,R12,0.0294,0.752,217.969,107.520,0
wqfmtree,37-taxon,estimated-genetrees/1X-400-500,R12,0.0294,1.883,301.328,15.360,0
astral,37-taxon,estimated-genetrees/1X-400-500,R12,0.0294,2.401,410.664,105.472,0
aster,37-taxon,estimated-genetrees/1X-400-500,R12,0.0294,0.901,41.430,15.360,0
treeqmc,37-taxon,estimated-genetrees/1X-400-500,R12,0.0294,1.652,15.270,15.360,0
tmc,37-taxon,estimated-genetrees/1X-400-500,R12,0.2059,12.010,163.203,15.360,0
supertriplets,37-taxon,estimated-genetrees/1X-400-500,R12,0.1471,0.826,223.633,15.360,0
stelar,37-taxon,estimated-genetrees/1X-400-500,R17,0.0294,0.712,221.855,107.520,0
wqfmtree,37-taxon,estimated-genetrees/1X-400-500,R17,0.0294,1.931,309.543,15.360,0
astral,37-taxon,estimated-genetrees/1X-400-500,R17,0.0294,2.343,404.848,105.472,0
aster,37-taxon,estimated-genetrees/1X-400-500,R17,0.0294,0.859,41.508,15.360,0
treeqmc,37-taxon,estimated-genetrees/1X-400-500,R17,0.0294,1.650,14.824,15.360,0
tmc,37-taxon,estimated-genetrees/1X-400-500,R17,0.2059,12.014,162.762,15.360,0
supertriplets,37-taxon,estimated-genetrees/1X-400-500,R17,0.1324,0.809,225.852,15.360,0
stelar,37-taxon,estimated-genetrees/1X-400-500,R13,0.0000,0.779,229.473,107.520,0
wqfmtree,37-taxon,estimated-genetrees/1X-400-500,R13,0.0000,1.932,308.383,15.360,0
astral,37-taxon,estimated-genetrees/1X-400-500,R13,0.0000,2.448,413.727,105.472,0
aster,37-taxon,estimated-genetrees/1X-400-500,R13,0.0000,0.882,41.414,15.360,0
treeqmc,37-taxon,estimated-genetrees/1X-400-500,R13,0.0000,1.657,15.254,15.360,0
tmc,37-taxon,estimated-genetrees/1X-400-500,R13,0.2353,12.296,162.965,15.360,0
supertriplets,37-taxon,estimated-genetrees/1X-400-500,R13,0.1324,0.820,225.488,15.360,0
stelar,37-taxon,estimated-genetrees/1X-400-500,R2,0.0000,0.752,222.344,107.520,0
wqfmtree,37-taxon,estimated-genetrees/1X-400-500,R2,0.0000,1.607,303.922,15.360,0
astral,37-taxon,estimated-genetrees/1X-400-500,R2,0.0000,2.429,413.188,105.472,0
aster,37-taxon,estimated-genetrees/1X-400-500,R2,0.0000,0.917,42.863,15.360,0
treeqmc,37-taxon,estimated-genetrees/1X-400-500,R2,0.0000,1.638,15.223,15.360,0
tmc,37-taxon,estimated-genetrees/1X-400-500,R2,0.2353,11.859,163.355,15.360,0
supertriplets,37-taxon,estimated-genetrees/1X-400-500,R2,0.1471,0.829,220.270,15.360,0
stelar,37-taxon,estimated-genetrees/1X-400-500,R16,0.0000,0.754,223.910,107.520,0
wqfmtree,37-taxon,estimated-genetrees/1X-400-500,R16,0.0000,1.940,302.332,15.360,0
astral,37-taxon,estimated-genetrees/1X-400-500,R16,0.0000,2.388,469.281,105.472,0
aster,37-taxon,estimated-genetrees/1X-400-500,R16,0.0000,0.905,41.570,15.360,0
treeqmc,37-taxon,estimated-genetrees/1X-400-500,R16,0.0000,1.637,14.891,15.360,0
tmc,37-taxon,estimated-genetrees/1X-400-500,R16,0.2647,11.539,163.105,15.360,0
supertriplets,37-taxon,estimated-genetrees/1X-400-500,R16,0.1471,0.829,221.645,15.360,0
stelar,37-taxon,estimated-genetrees/1X-400-500,R1,0.0000,0.718,225.363,107.520,0
wqfmtree,37-taxon,estimated-genetrees/1X-400-500,R1,0.0000,1.505,317.457,15.360,0
astral,37-taxon,estimated-genetrees/1X-400-500,R1,0.0000,2.407,406.184,105.472,0
aster,37-taxon,estimated-genetrees/1X-400-500,R1,0.0000,0.855,42.883,15.360,0
treeqmc,37-taxon,estimated-genetrees/1X-400-500,R1,0.0000,1.618,15.160,15.360,0
tmc,37-taxon,estimated-genetrees/1X-400-500,R1,0.1765,11.857,162.980,15.360,0
supertriplets,37-taxon,estimated-genetrees/1X-400-500,R1,0.1324,0.831,221.418,15.360,0
stelar,37-taxon,estimated-genetrees/1X-400-500,R9,0.0294,0.768,232.004,107.520,0
wqfmtree,37-taxon,estimated-genetrees/1X-400-500,R9,0.0294,1.866,311.230,15.360,0
astral,37-taxon,estimated-genetrees/1X-400-500,R9,0.0294,2.656,457.320,105.472,0
aster,37-taxon,estimated-genetrees/1X-400-500,R9,0.0294,1.011,42.992,15.360,0
treeqmc,37-taxon,estimated-genetrees/1X-400-500,R9,0.0294,1.660,14.992,15.360,0
tmc,37-taxon,estimated-genetrees/1X-400-500,R9,0.2353,11.724,163.590,15.360,0
supertriplets,37-taxon,estimated-genetrees/1X-400-500,R9,0.1324,0.801,225.711,15.360,0
stelar,37-taxon,estimated-genetrees/1X-400-500,R15,0.0294,0.762,224.848,107.520,0
wqfmtree,37-taxon,estimated-genetrees/1X-400-500,R15,0.0294,1.585,301.992,15.360,0
astral,37-taxon,estimated-genetrees/1X-400-500,R15,0.0294,2.395,465.496,105.472,0
aster,37-taxon,estimated-genetrees/1X-400-500,R15,0.0294,0.880,43.184,15.360,0
treeqmc,37-taxon,estimated-genetrees/1X-400-500,R15,0.0294,1.665,15.059,15.360,0
tmc,37-taxon,estimated-genetrees/1X-400-500,R15,0.2353,11.973,163.105,15.360,0
supertriplets,37-taxon,estimated-genetrees/1X-400-500,R15,0.1324,0.822,222.473,15.360,0
stelar,37-taxon,estimated-genetrees/1X-400-500,R3,0.0588,0.746,217.629,107.520,0
wqfmtree,37-taxon,estimated-genetrees/1X-400-500,R3,0.0588,1.584,301.477,15.360,0
astral,37-taxon,estimated-genetrees/1X-400-500,R3,0.0588,2.386,425.914,105.472,0
aster,37-taxon,estimated-genetrees/1X-400-500,R3,0.0588,0.900,41.402,15.360,0
treeqmc,37-taxon,estimated-genetrees/1X-400-500,R3,0.0588,1.638,14.879,15.360,0
tmc,37-taxon,estimated-genetrees/1X-400-500,R3,0.2941,12.074,163.344,15.360,0
supertriplets,37-taxon,estimated-genetrees/1X-400-500,R3,0.1324,0.829,223.453,15.360,0
stelar,37-taxon,estimated-genetrees/1X-400-500,R20,0.0294,0.784,222.805,107.520,0
wqfmtree,37-taxon,estimated-genetrees/1X-400-500,R20,0.0294,1.734,302.672,15.360,0
astral,37-taxon,estimated-genetrees/1X-400-500,R20,0.0294,2.449,414.254,105.472,0
aster,37-taxon,estimated-genetrees/1X-400-500,R20,0.0294,0.923,43.148,15.360,0
treeqmc,37-taxon,estimated-genetrees/1X-400-500,R20,0.0294,1.669,14.934,15.360,0
tmc,37-taxon,estimated-genetrees/1X-400-500,R20,0.2647,11.667,163.578,15.360,0
supertriplets,37-taxon,estimated-genetrees/1X-400-500,R20,0.1471,0.820,224.992,15.360,0
stelar,37-taxon,estimated-genetrees/1X-400-500,R4,0.0000,0.705,229.230,107.520,0
wqfmtree,37-taxon,estimated-genetrees/1X-400-500,R4,0.0000,1.672,318.750,15.360,0
astral,37-taxon,estimated-genetrees/1X-400-500,R4,0.0000,2.371,413.520,105.472,0
aster,37-taxon,estimated-genetrees/1X-400-500,R4,0.0000,0.859,42.902,15.360,0
treeqmc,37-taxon,estimated-genetrees/1X-400-500,R4,0.0000,1.655,15.184,15.360,0
tmc,37-taxon,estimated-genetrees/1X-400-500,R4,0.1765,11.996,162.965,15.360,0
supertriplets,37-taxon,estimated-genetrees/1X-400-500,R4,0.1324,0.837,227.992,15.360,0
stelar,37-taxon,estimated-genetrees/1X-400-500,R19,0.0000,0.765,221.398,107.520,0
wqfmtree,37-taxon,estimated-genetrees/1X-400-500,R19,0.0000,1.774,310.637,15.360,0
astral,37-taxon,estimated-genetrees/1X-400-500,R19,0.0000,2.375,464.250,105.472,0
aster,37-taxon,estimated-genetrees/1X-400-500,R19,0.0000,0.924,41.730,15.360,0
treeqmc,37-taxon,estimated-genetrees/1X-400-500,R19,0.0000,1.643,14.914,15.360,0
tmc,37-taxon,estimated-genetrees/1X-400-500,R19,0.2059,11.506,163.355,15.360,0
supertriplets,37-taxon,estimated-genetrees/1X-400-500,R19,0.1324,0.835,225.750,15.360,0
stelar,37-taxon,estimated-genetrees/1X-400-500,R8,0.0000,0.737,230.852,107.520,0
wqfmtree,37-taxon,estimated-genetrees/1X-400-500,R8,0.0000,1.680,313.574,15.360,0
astral,37-taxon,estimated-genetrees/1X-400-500,R8,0.0000,2.481,459.426,105.472,0
aster,37-taxon,estimated-genetrees/1X-400-500,R8,0.0000,1.155,41.371,15.360,0
treeqmc,37-taxon,estimated-genetrees/1X-400-500,R8,0.0000,1.679,14.914,15.360,0
tmc,37-taxon,estimated-genetrees/1X-400-500,R8,0.1765,11.807,163.016,15.360,0
supertriplets,37-taxon,estimated-genetrees/1X-400-500,R8,0.1471,0.833,222.738,15.360,0
stelar,37-taxon,estimated-genetrees/1X-400-500,R11,0.0000,0.751,219.051,107.520,0
wqfmtree,37-taxon,estimated-genetrees/1X-400-500,R11,0.0294,1.742,308.035,15.360,0
astral,37-taxon,estimated-genetrees/1X-400-500,R11,0.0000,2.377,420.035,105.472,0
aster,37-taxon,estimated-genetrees/1X-400-500,R11,0.0000,0.869,41.469,15.360,0
treeqmc,37-taxon,estimated-genetrees/1X-400-500,R11,0.0294,1.656,14.996,15.360,0
tmc,37-taxon,estimated-genetrees/1X-400-500,R11,0.2353,11.782,163.230,15.360,0
supertriplets,37-taxon,estimated-genetrees/1X-400-500,R11,0.1324,0.844,222.660,15.360,0
stelar,37-taxon,estimated-genetrees/1X-400-500,R18,0.0000,0.691,224.699,107.520,0
wqfmtree,37-taxon,estimated-genetrees/1X-400-500,R18,0.0000,1.486,307.023,15.360,0
astral,37-taxon,estimated-genetrees/1X-400-500,R18,0.0000,2.417,482.828,105.472,0
aster,37-taxon,estimated-genetrees/1X-400-500,R18,0.0000,0.887,41.527,15.360,0
treeqmc,37-taxon,estimated-genetrees/1X-400-500,R18,0.0000,1.654,15.098,15.360,0
tmc,37-taxon,estimated-genetrees/1X-400-500,R18,0.1765,11.654,163.250,15.360,0
supertriplets,37-taxon,estimated-genetrees/1X-400-500,R18,0.1176,0.848,227.656,15.360,0
stelar,37-taxon,estimated-genetrees/1X-400-1000,R10,0.0000,0.670,212.586,107.520,0
wqfmtree,37-taxon,estimated-genetrees/1X-400-1000,R10,0.0000,1.600,304.438,15.360,0
astral,37-taxon,estimated-genetrees/1X-400-1000,R10,0.0000,2.351,417.680,105.472,0
aster,37-taxon,estimated-genetrees/1X-400-1000,R10,0.0000,0.913,41.305,15.360,0
treeqmc,37-taxon,estimated-genetrees/1X-400-1000,R10,0.0000,1.653,14.988,15.360,0
tmc,37-taxon,estimated-genetrees/1X-400-1000,R10,0.2059,11.752,163.367,15.360,0
supertriplets,37-taxon,estimated-genetrees/1X-400-1000,R10,0.1176,0.819,226.926,15.360,0
stelar,37-taxon,estimated-genetrees/1X-400-1000,R14,0.0294,0.655,211.980,107.520,0
wqfmtree,37-taxon,estimated-genetrees/1X-400-1000,R14,0.0294,1.893,287.363,15.360,0
astral,37-taxon,estimated-genetrees/1X-400-1000,R14,0.0294,2.422,430.965,105.472,0
aster,37-taxon,estimated-genetrees/1X-400-1000,R14,0.0294,0.928,41.543,15.360,0
treeqmc,37-taxon,estimated-genetrees/1X-400-1000,R14,0.0294,1.627,15.199,15.360,0
tmc,37-taxon,estimated-genetrees/1X-400-1000,R14,0.2647,12.054,162.801,15.360,0
supertriplets,37-taxon,estimated-genetrees/1X-400-1000,R14,0.1029,0.825,226.965,15.360,0
stelar,37-taxon,estimated-genetrees/1X-400-1000,R7,0.0000,0.680,213.203,107.520,0
wqfmtree,37-taxon,estimated-genetrees/1X-400-1000,R7,0.0000,1.736,288.367,15.360,0
astral,37-taxon,estimated-genetrees/1X-400-1000,R7,0.0000,2.468,402.070,105.472,0
aster,37-taxon,estimated-genetrees/1X-400-1000,R7,0.0000,0.881,41.508,15.360,0
treeqmc,37-taxon,estimated-genetrees/1X-400-1000,R7,0.0000,1.625,15.105,15.360,0
tmc,37-taxon,estimated-genetrees/1X-400-1000,R7,0.2353,12.149,162.789,15.360,0
supertriplets,37-taxon,estimated-genetrees/1X-400-1000,R7,0.1029,0.817,226.203,15.360,0
stelar,37-taxon,estimated-genetrees/1X-400-1000,R6,0.0000,0.675,215.508,107.520,0
wqfmtree,37-taxon,estimated-genetrees/1X-400-1000,R6,0.0000,1.718,306.453,15.360,0
astral,37-taxon,estimated-genetrees/1X-400-1000,R6,0.0000,2.372,426.137,105.472,0
aster,37-taxon,estimated-genetrees/1X-400-1000,R6,0.0000,0.878,41.473,15.360,0
treeqmc,37-taxon,estimated-genetrees/1X-400-1000,R6,0.0000,1.653,15.098,15.360,0
tmc,37-taxon,estimated-genetrees/1X-400-1000,R6,0.2353,11.720,163.289,15.360,0
supertriplets,37-taxon,estimated-genetrees/1X-400-1000,R6,0.1176,0.820,222.492,15.360,0
stelar,37-taxon,estimated-genetrees/1X-400-1000,R12,0.0294,0.662,219.090,105.472,0
wqfmtree,37-taxon,estimated-genetrees/1X-400-1000,R12,0.0294,1.966,309.930,15.360,0
astral,37-taxon,estimated-genetrees/1X-400-1000,R12,0.0294,2.352,412.684,105.472,0
aster,37-taxon,estimated-genetrees/1X-400-1000,R12,0.0294,0.852,41.598,15.360,0
treeqmc,37-taxon,estimated-genetrees/1X-400-1000,R12,0.0294,1.640,15.043,15.360,0
tmc,37-taxon,estimated-genetrees/1X-400-1000,R12,0.2059,12.074,163.328,15.360,0
supertriplets,37-taxon,estimated-genetrees/1X-400-1000,R12,0.1176,0.853,226.969,15.360,0
stelar,37-taxon,estimated-genetrees/1X-400-1000,R17,0.0294,0.679,217.453,107.520,0
wqfmtree,37-taxon,estimated-genetrees/1X-400-1000,R17,0.0294,1.592,303.324,15.360,0
astral,37-taxon,estimated-genetrees/1X-400-1000,R17,0.0588,2.335,419.824,105.472,0
aster,37-taxon,estimated-genetrees/1X-400-1000,R17,0.0588,1.076,41.645,15.360,0
treeqmc,37-taxon,estimated-genetrees/1X-400-1000,R17,0.0294,1.628,15.043,15.360,0
tmc,37-taxon,estimated-genetrees/1X-400-1000,R17,0.2059,12.146,162.727,15.360,0
supertriplets,37-taxon,estimated-genetrees/1X-400-1000,R17,0.1176,0.817,225.945,15.360,0
stelar,37-taxon,estimated-genetrees/1X-400-1000,R13,0.0000,0.701,213.250,107.520,0
wqfmtree,37-taxon,estimated-genetrees/1X-400-1000,R13,0.0000,1.885,313.137,15.360,0
astral,37-taxon,estimated-genetrees/1X-400-1000,R13,0.0000,2.557,407.410,105.472,0
aster,37-taxon,estimated-genetrees/1X-400-1000,R13,0.0000,0.889,41.414,15.360,0
treeqmc,37-taxon,estimated-genetrees/1X-400-1000,R13,0.0000,1.659,14.898,15.360,0
tmc,37-taxon,estimated-genetrees/1X-400-1000,R13,0.2647,12.095,163.375,15.360,0
supertriplets,37-taxon,estimated-genetrees/1X-400-1000,R13,0.1324,0.843,223.496,15.360,0
stelar,37-taxon,estimated-genetrees/1X-400-1000,R2,0.0000,0.668,211.055,107.520,0
wqfmtree,37-taxon,estimated-genetrees/1X-400-1000,R2,0.0000,1.673,303.742,15.360,0
astral,37-taxon,estimated-genetrees/1X-400-1000,R2,0.0000,2.418,410.133,105.472,0
aster,37-taxon,estimated-genetrees/1X-400-1000,R2,0.0000,0.861,43.066,15.360,0
treeqmc,37-taxon,estimated-genetrees/1X-400-1000,R2,0.0000,1.636,15.078,15.360,0
tmc,37-taxon,estimated-genetrees/1X-400-1000,R2,0.1471,12.427,162.844,15.360,0
supertriplets,37-taxon,estimated-genetrees/1X-400-1000,R2,0.1176,0.810,226.977,15.360,0
stelar,37-taxon,estimated-genetrees/1X-400-1000,R5,0.0294,0.704,211.773,107.520,0
wqfmtree,37-taxon,estimated-genetrees/1X-400-1000,R5,0.0294,1.677,293.699,15.360,0
astral,37-taxon,estimated-genetrees/1X-400-1000,R5,0.0294,2.338,405.715,105.472,0
aster,37-taxon,estimated-genetrees/1X-400-1000,R5,0.0294,0.853,41.156,15.360,0
treeqmc,37-taxon,estimated-genetrees/1X-400-1000,R5,0.0294,1.648,15.008,15.360,0
tmc,37-taxon,estimated-genetrees/1X-400-1000,R5,0.2353,12.163,162.852,15.360,0
supertriplets,37-taxon,estimated-genetrees/1X-400-1000,R5,0.1029,0.822,222.352,15.360,0
stelar,37-taxon,estimated-genetrees/1X-400-1000,R16,0.0294,0.684,214.102,107.520,0
wqfmtree,37-taxon,estimated-genetrees/1X-400-1000,R16,0.0000,1.705,303.902,15.360,0
astral,37-taxon,estimated-genetrees/1X-400-1000,R16,0.0294,2.405,409.809,105.472,0
aster,37-taxon,estimated-genetrees/1X-400-1000,R16,0.0294,1.078,43.066,15.360,0
treeqmc,37-taxon,estimated-genetrees/1X-400-1000,R16,0.0000,1.604,15.270,15.360,0
tmc,37-taxon,estimated-genetrees/1X-400-1000,R16,0.2647,11.806,162.730,15.360,0
supertriplets,37-taxon,estimated-genetrees/1X-400-1000,R16,0.1029,0.847,227.211,15.360,0
stelar,37-taxon,estimated-genetrees/1X-400-1000,R1,0.0000,0.675,212.879,107.520,0
wqfmtree,37-taxon,estimated-genetrees/1X-400-1000,R1,0.0000,1.906,254.285,15.360,0
astral,37-taxon,estimated-genetrees/1X-400-1000,R1,0.0000,2.493,415.379,105.472,0
aster,37-taxon,estimated-genetrees/1X-400-1000,R1,0.0000,0.932,41.531,15.360,0
treeqmc,37-taxon,estimated-genetrees/1X-400-1000,R1,0.0000,1.628,14.824,15.360,0
tmc,37-taxon,estimated-genetrees/1X-400-1000,R1,0.2647,11.751,162.980,15.360,0
supertriplets,37-taxon,estimated-genetrees/1X-400-1000,R1,0.1029,0.820,221.359,15.360,0
stelar,37-taxon,estimated-genetrees/1X-400-1000,R9,0.0000,0.651,212.082,107.520,0
wqfmtree,37-taxon,estimated-genetrees/1X-400-1000,R9,0.0000,1.876,310.105,15.360,0
astral,37-taxon,estimated-genetrees/1X-400-1000,R9,0.0000,2.377,418.918,105.472,0
aster,37-taxon,estimated-genetrees/1X-400-1000,R9,0.0000,0.924,43.012,15.360,0
treeqmc,37-taxon,estimated-genetrees/1X-400-1000,R9,0.0000,1.646,15.172,15.360,0
tmc,37-taxon,estimated-genetrees/1X-400-1000,R9,0.2647,11.680,162.703,15.360,0
supertriplets,37-taxon,estimated-genetrees/1X-400-1000,R9,0.1176,0.824,223.754,15.360,0
stelar,37-taxon,estimated-genetrees/1X-400-1000,R15,0.0000,0.724,214.266,107.520,0
wqfmtree,37-taxon,estimated-genetrees/1X-400-1000,R15,0.0000,1.702,301.195,15.360,0
astral,37-taxon,estimated-genetrees/1X-400-1000,R15,0.0000,2.401,404.891,105.472,0
aster,37-taxon,estimated-genetrees/1X-400-1000,R15,0.0000,0.892,43.109,15.360,0
treeqmc,37-taxon,estimated-genetrees/1X-400-1000,R15,0.0000,1.644,15.305,15.360,0
tmc,37-taxon,estimated-genetrees/1X-400-1000,R15,0.2059,12.114,162.980,15.360,0
supertriplets,37-taxon,estimated-genetrees/1X-400-1000,R15,0.1176,0.825,228.785,15.360,0
stelar,37-taxon,estimated-genetrees/1X-400-1000,R3,0.0294,0.717,212.965,107.520,0
wqfmtree,37-taxon,estimated-genetrees/1X-400-1000,R3,0.0294,1.494,306.285,15.360,0
astral,37-taxon,estimated-genetrees/1X-400-1000,R3,0.0294,2.420,403.090,105.472,0
aster,37-taxon,estimated-genetrees/1X-400-1000,R3,0.0294,0.868,41.441,15.360,0
treeqmc,37-taxon,estimated-genetrees/1X-400-1000,R3,0.0294,1.664,15.043,15.360,0
tmc,37-taxon,estimated-genetrees/1X-400-1000,R3,0.1471,12.571,163.078,15.360,0
supertriplets,37-taxon,estimated-genetrees/1X-400-1000,R3,0.1176,0.816,222.230,15.360,0
stelar,37-taxon,estimated-genetrees/1X-400-1000,R20,0.0000,0.672,217.688,107.520,0
wqfmtree,37-taxon,estimated-genetrees/1X-400-1000,R20,0.0294,1.622,285.766,15.360,0
astral,37-taxon,estimated-genetrees/1X-400-1000,R20,0.0000,2.408,461.969,105.472,0
aster,37-taxon,estimated-genetrees/1X-400-1000,R20,0.0000,1.006,41.258,15.360,0
treeqmc,37-taxon,estimated-genetrees/1X-400-1000,R20,0.0294,1.647,15.168,15.360,0
tmc,37-taxon,estimated-genetrees/1X-400-1000,R20,0.1765,12.501,162.613,15.360,0
supertriplets,37-taxon,estimated-genetrees/1X-400-1000,R20,0.0882,0.824,226.113,15.360,0
stelar,37-taxon,estimated-genetrees/1X-400-1000,R4,0.0000,0.678,211.449,107.520,0
wqfmtree,37-taxon,estimated-genetrees/1X-400-1000,R4,0.0000,1.884,311.652,15.360,0
astral,37-taxon,estimated-genetrees/1X-400-1000,R4,0.0000,2.339,404.176,105.472,0
aster,37-taxon,estimated-genetrees/1X-400-1000,R4,0.0000,0.875,42.969,15.360,0
treeqmc,37-taxon,estimated-genetrees/1X-400-1000,R4,0.0000,1.621,15.047,15.360,0
tmc,37-taxon,estimated-genetrees/1X-400-1000,R4,0.1765,12.525,163.211,15.360,0
supertriplets,37-taxon,estimated-genetrees/1X-400-1000,R4,0.1324,0.840,226.465,15.360,0
stelar,37-taxon,estimated-genetrees/1X-400-1000,R19,0.0000,0.709,213.105,107.520,0
wqfmtree,37-taxon,estimated-genetrees/1X-400-1000,R19,0.0000,1.888,307.852,15.360,0
astral,37-taxon,estimated-genetrees/1X-400-1000,R19,0.0000,2.355,468.223,105.472,0
aster,37-taxon,estimated-genetrees/1X-400-1000,R19,0.0000,1.107,41.527,15.360,0
treeqmc,37-taxon,estimated-genetrees/1X-400-1000,R19,0.0000,1.635,15.039,15.360,0
tmc,37-taxon,estimated-genetrees/1X-400-1000,R19,0.2353,12.055,162.789,15.360,0
supertriplets,37-taxon,estimated-genetrees/1X-400-1000,R19,0.1029,0.834,225.363,15.360,0
stelar,37-taxon,estimated-genetrees/1X-400-1000,R8,0.0000,0.651,214.480,105.472,0
wqfmtree,37-taxon,estimated-genetrees/1X-400-1000,R8,0.0000,1.746,310.047,15.360,0
astral,37-taxon,estimated-genetrees/1X-400-1000,R8,0.0000,2.452,394.500,105.472,0
aster,37-taxon,estimated-genetrees/1X-400-1000,R8,0.0000,0.869,41.359,15.360,0
treeqmc,37-taxon,estimated-genetrees/1X-400-1000,R8,0.0000,1.654,14.871,15.360,0
tmc,37-taxon,estimated-genetrees/1X-400-1000,R8,0.2059,12.067,163.262,15.360,0
supertriplets,37-taxon,estimated-genetrees/1X-400-1000,R8,0.1176,0.827,225.277,15.360,0
stelar,37-taxon,estimated-genetrees/1X-400-1000,R11,0.0000,0.676,213.191,107.520,0
wqfmtree,37-taxon,estimated-genetrees/1X-400-1000,R11,0.0000,1.674,301.395,15.360,0
astral,37-taxon,estimated-genetrees/1X-400-1000,R11,0.0000,2.388,408.156,105.472,0
aster,37-taxon,estimated-genetrees/1X-400-1000,R11,0.0000,0.902,43.184,15.360,0
treeqmc,37-taxon,estimated-genetrees/1X-400-1000,R11,0.0000,1.635,15.207,15.360,0
tmc,37-taxon,estimated-genetrees/1X-400-1000,R11,0.2353,11.648,163.113,15.360,0
supertriplets,37-taxon,estimated-genetrees/1X-400-1000,R11,0.1029,0.837,222.172,15.360,0
stelar,37-taxon,estimated-genetrees/1X-400-1000,R18,0.0000,0.679,212.562,107.520,0
wqfmtree,37-taxon,estimated-genetrees/1X-400-1000,R18,0.0000,1.538,303.566,15.360,0
astral,37-taxon,estimated-genetrees/1X-400-1000,R18,0.0000,2.370,448.715,105.472,0
aster,37-taxon,estimated-genetrees/1X-400-1000,R18,0.0000,1.061,41.371,15.360,0
treeqmc,37-taxon,estimated-genetrees/1X-400-1000,R18,0.0000,1.639,15.242,15.360,0
tmc,37-taxon,estimated-genetrees/1X-400-1000,R18,0.2353,12.025,163.117,15.360,0
supertriplets,37-taxon,estimated-genetrees/1X-400-1000,R18,0.1176,0.845,222.824,15.360,0
stelar,37-taxon,estimated-genetrees/1X-800-1000,R10,0.0000,0.754,249.703,105.472,0
wqfmtree,37-taxon,estimated-genetrees/1X-800-1000,R10,0.0000,3.985,750.242,15.360,0
astral,37-taxon,estimated-genetrees/1X-800-1000,R10,0.0000,2.910,503.492,105.472,0
aster,37-taxon,estimated-genetrees/1X-800-1000,R10,0.0000,2.090,78.234,15.360,0
treeqmc,37-taxon,estimated-genetrees/1X-800-1000,R10,0.0000,2.757,25.848,15.360,0
tmc,37-taxon,estimated-genetrees/1X-800-1000,R10,0.1765,22.455,325.203,15.360,0
supertriplets,37-taxon,estimated-genetrees/1X-800-1000,R10,0.0882,1.253,233.266,15.360,0
stelar,37-taxon,estimated-genetrees/1X-800-1000,R14,0.0000,0.778,246.402,107.520,0
wqfmtree,37-taxon,estimated-genetrees/1X-800-1000,R14,0.0000,3.443,755.191,15.360,0
astral,37-taxon,estimated-genetrees/1X-800-1000,R14,0.0000,3.346,537.195,105.472,0
aster,37-taxon,estimated-genetrees/1X-800-1000,R14,0.0000,2.045,78.332,15.360,0
treeqmc,37-taxon,estimated-genetrees/1X-800-1000,R14,0.0000,2.772,25.973,15.360,0
tmc,37-taxon,estimated-genetrees/1X-800-1000,R14,0.1765,22.664,325.203,15.360,0
supertriplets,37-taxon,estimated-genetrees/1X-800-1000,R14,0.1029,1.242,222.988,15.360,0
stelar,37-taxon,estimated-genetrees/1X-800-1000,R7,0.0000,0.764,245.055,107.520,0
wqfmtree,37-taxon,estimated-genetrees/1X-800-1000,R7,0.0000,4.081,759.695,15.360,0
astral,37-taxon,estimated-genetrees/1X-800-1000,R7,0.0000,2.949,490.645,105.472,0
aster,37-taxon,estimated-genetrees/1X-800-1000,R7,0.0000,1.936,81.328,15.360,0
treeqmc,37-taxon,estimated-genetrees/1X-800-1000,R7,0.0000,2.742,25.945,15.360,0
tmc,37-taxon,estimated-genetrees/1X-800-1000,R7,0.2941,22.790,324.691,15.360,0
supertriplets,37-taxon,estimated-genetrees/1X-800-1000,R7,0.1324,1.229,225.293,15.360,0
stelar,37-taxon,estimated-genetrees/1X-800-1000,R6,0.0000,0.819,254.793,105.472,0
wqfmtree,37-taxon,estimated-genetrees/1X-800-1000,R6,0.0000,4.672,744.039,15.360,0
astral,37-taxon,estimated-genetrees/1X-800-1000,R6,0.0000,2.951,497.527,105.472,0
aster,37-taxon,estimated-genetrees/1X-800-1000,R6,0.0000,1.920,81.270,15.360,0
treeqmc,37-taxon,estimated-genetrees/1X-800-1000,R6,0.0000,2.790,25.824,15.360,0
tmc,37-taxon,estimated-genetrees/1X-800-1000,R6,0.2059,22.688,324.641,15.360,0
supertriplets,37-taxon,estimated-genetrees/1X-800-1000,R6,0.1029,1.246,234.867,15.360,0
stelar,37-taxon,estimated-genetrees/1X-800-1000,R12,0.0000,0.811,244.453,107.520,0
wqfmtree,37-taxon,estimated-genetrees/1X-800-1000,R12,0.0000,3.353,863.555,15.360,0
astral,37-taxon,estimated-genetrees/1X-800-1000,R12,0.0000,2.917,501.609,105.472,0
aster,37-taxon,estimated-genetrees/1X-800-1000,R12,0.0000,1.682,78.137,15.360,0
treeqmc,37-taxon,estimated-genetrees/1X-800-1000,R12,0.0000,2.740,25.973,15.360,0
tmc,37-taxon,estimated-genetrees/1X-800-1000,R12,0.2059,23.269,325.074,15.360,0
supertriplets,37-taxon,estimated-genetrees/1X-800-1000,R12,0.1176,1.257,233.141,15.360,0
stelar,37-taxon,estimated-genetrees/1X-800-1000,R17,0.0000,0.808,254.184,107.520,0
wqfmtree,37-taxon,estimated-genetrees/1X-800-1000,R17,0.0000,3.805,861.422,15.360,0
astral,37-taxon,estimated-genetrees/1X-800-1000,R17,0.0000,3.618,553.461,105.472,0
aster,37-taxon,estimated-genetrees/1X-800-1000,R17,0.0000,2.310,78.301,15.360,0
treeqmc,37-taxon,estimated-genetrees/1X-800-1000,R17,0.0000,2.731,25.844,15.360,0
tmc,37-taxon,estimated-genetrees/1X-800-1000,R17,0.2353,22.081,325.125,15.360,0
supertriplets,37-taxon,estimated-genetrees/1X-800-1000,R17,0.1176,1.249,225.094,15.360,0
stelar,37-taxon,estimated-genetrees/1X-800-1000,R13,0.0000,0.807,247.840,107.520,0
wqfmtree,37-taxon,estimated-genetrees/1X-800-1000,R13,0.0000,3.416,867.117,15.360,0
astral,37-taxon,estimated-genetrees/1X-800-1000,R13,0.0000,3.090,506.332,105.472,0
aster,37-taxon,estimated-genetrees/1X-800-1000,R13,0.0000,2.058,78.293,15.360,0
treeqmc,37-taxon,estimated-genetrees/1X-800-1000,R13,0.0000,2.791,25.688,15.360,0
tmc,37-taxon,estimated-genetrees/1X-800-1000,R13,0.2647,22.710,324.984,15.360,0
supertriplets,37-taxon,estimated-genetrees/1X-800-1000,R13,0.1176,1.256,229.055,15.360,0
stelar,37-taxon,estimated-genetrees/1X-800-1000,R2,0.0000,0.754,242.406,107.520,0
wqfmtree,37-taxon,estimated-genetrees/1X-800-1000,R2,0.0000,3.275,758.613,15.360,0
astral,37-taxon,estimated-genetrees/1X-800-1000,R2,0.0000,2.951,499.176,105.472,0
aster,37-taxon,estimated-genetrees/1X-800-1000,R2,0.0000,1.696,78.273,15.360,0
treeqmc,37-taxon,estimated-genetrees/1X-800-1000,R2,0.0000,2.750,25.637,15.360,0
tmc,37-taxon,estimated-genetrees/1X-800-1000,R2,0.2353,266.185,324.586,111.616,0
supertriplets,37-taxon,estimated-genetrees/1X-800-1000,R2,0.1029,1.267,231.180,15.360,0
stelar,37-taxon,estimated-genetrees/1X-800-1000,R5,0.0000,0.792,245.211,107.520,0
wqfmtree,37-taxon,estimated-genetrees/1X-800-1000,R5,0.0000,3.585,752.480,15.360,0
astral,37-taxon,estimated-genetrees/1X-800-1000,R5,0.0000,3.166,492.500,105.472,0
aster,37-taxon,estimated-genetrees/1X-800-1000,R5,0.0000,1.901,81.230,15.360,0
treeqmc,37-taxon,estimated-genetrees/1X-800-1000,R5,0.0000,2.779,25.629,15.360,0
tmc,37-taxon,estimated-genetrees/1X-800-1000,R5,0.2353,80.673,325.285,111.616,0
supertriplets,37-taxon,estimated-genetrees/1X-800-1000,R5,0.1324,1.259,224.664,15.360,0
stelar,37-taxon,estimated-genetrees/1X-800-1000,R16,0.0000,0.735,246.469,107.520,0
wqfmtree,37-taxon,estimated-genetrees/1X-800-1000,R16,0.0000,3.537,869.250,15.360,0
astral,37-taxon,estimated-genetrees/1X-800-1000,R16,0.0000,2.836,526.828,105.472,0
aster,37-taxon,estimated-genetrees/1X-800-1000,R16,0.0000,1.715,78.320,15.360,0
treeqmc,37-taxon,estimated-genetrees/1X-800-1000,R16,0.0000,2.731,25.898,15.360,0
tmc,37-taxon,estimated-genetrees/1X-800-1000,R16,0.1765,22.512,324.969,15.360,0
supertriplets,37-taxon,estimated-genetrees/1X-800-1000,R16,0.1029,1.241,223.539,15.360,0
stelar,37-taxon,estimated-genetrees/1X-800-1000,R1,0.0000,0.746,247.855,105.472,0
wqfmtree,37-taxon,estimated-genetrees/1X-800-1000,R1,0.0000,3.304,867.027,15.360,0
astral,37-taxon,estimated-genetrees/1X-800-1000,R1,0.0000,2.911,500.734,105.472,0
aster,37-taxon,estimated-genetrees/1X-800-1000,R1,0.0000,1.803,78.121,15.360,0
treeqmc,37-taxon,estimated-genetrees/1X-800-1000,R1,0.0000,2.753,26.043,15.360,0
tmc,37-taxon,estimated-genetrees/1X-800-1000,R1,0.2647,23.266,324.250,15.360,0
supertriplets,37-taxon,estimated-genetrees/1X-800-1000,R1,0.1176,1.250,226.590,15.360,0
stelar,37-taxon,estimated-genetrees/1X-800-1000,R9,0.0000,0.748,241.793,105.472,0
wqfmtree,37-taxon,estimated-genetrees/1X-800-1000,R9,0.0000,3.865,758.777,15.360,0
astral,37-taxon,estimated-genetrees/1X-800-1000,R9,0.0000,3.548,511.664,105.472,0
aster,37-taxon,estimated-genetrees/1X-800-1000,R9,0.0000,1.830,78.191,15.360,0
treeqmc,37-taxon,estimated-genetrees/1X-800-1000,R9,0.0000,2.771,25.688,15.360,0
tmc,37-taxon,estimated-genetrees/1X-800-1000,R9,0.2059,22.071,324.699,15.360,0
supertriplets,37-taxon,estimated-genetrees/1X-800-1000,R9,0.1029,1.250,231.133,15.360,0
stelar,37-taxon,estimated-genetrees/1X-800-1000,R15,0.0000,0.730,242.770,107.520,0
wqfmtree,37-taxon,estimated-genetrees/1X-800-1000,R15,0.0000,3.410,756.031,15.360,0
astral,37-taxon,estimated-genetrees/1X-800-1000,R15,0.0000,2.979,498.922,105.472,0
aster,37-taxon,estimated-genetrees/1X-800-1000,R15,0.0000,2.020,78.363,15.360,0
treeqmc,37-taxon,estimated-genetrees/1X-800-1000,R15,0.0000,2.724,25.668,15.360,0
tmc,37-taxon,estimated-genetrees/1X-800-1000,R15,0.1765,22.446,324.969,15.360,0
supertriplets,37-taxon,estimated-genetrees/1X-800-1000,R15,0.1324,1.266,225.559,15.360,0
stelar,37-taxon,estimated-genetrees/1X-800-1000,R3,0.0000,0.778,240.285,105.472,0
wqfmtree,37-taxon,estimated-genetrees/1X-800-1000,R3,0.0000,3.736,757.230,15.360,0
astral,37-taxon,estimated-genetrees/1X-800-1000,R3,0.0000,3.132,506.992,105.472,0
aster,37-taxon,estimated-genetrees/1X-800-1000,R3,0.0000,1.698,78.164,15.360,0
treeqmc,37-taxon,estimated-genetrees/1X-800-1000,R3,0.0000,2.766,25.688,15.360,0
tmc,37-taxon,estimated-genetrees/1X-800-1000,R3,0.2059,21.985,325.016,15.360,0
supertriplets,37-taxon,estimated-genetrees/1X-800-1000,R3,0.1029,1.241,232.367,15.360,0
stelar,37-taxon,estimated-genetrees/1X-800-1000,R20,0.0000,0.799,244.809,107.520,0
wqfmtree,37-taxon,estimated-genetrees/1X-800-1000,R20,0.0000,4.400,848.168,15.360,0
astral,37-taxon,estimated-genetrees/1X-800-1000,R20,0.0000,2.838,497.668,105.472,0
aster,37-taxon,estimated-genetrees/1X-800-1000,R20,0.0000,1.574,78.504,15.360,0
treeqmc,37-taxon,estimated-genetrees/1X-800-1000,R20,0.0000,2.756,25.871,15.360,0
tmc,37-taxon,estimated-genetrees/1X-800-1000,R20,0.2059,22.423,324.887,15.360,0
supertriplets,37-taxon,estimated-genetrees/1X-800-1000,R20,0.1029,1.251,228.094,15.360,0
stelar,37-taxon,estimated-genetrees/1X-800-1000,R4,0.0000,0.812,242.402,107.520,0
wqfmtree,37-taxon,estimated-genetrees/1X-800-1000,R4,0.0000,4.038,861.777,15.360,0
astral,37-taxon,estimated-genetrees/1X-800-1000,R4,0.0000,2.963,531.812,105.472,0
aster,37-taxon,estimated-genetrees/1X-800-1000,R4,0.0000,1.675,78.453,15.360,0
treeqmc,37-taxon,estimated-genetrees/1X-800-1000,R4,0.0000,2.760,25.617,15.360,0
tmc,37-taxon,estimated-genetrees/1X-800-1000,R4,0.1765,21.741,324.980,15.360,0
supertriplets,37-taxon,estimated-genetrees/1X-800-1000,R4,0.1176,1.239,232.484,15.360,0
stelar,37-taxon,estimated-genetrees/1X-800-1000,R19,0.0000,0.780,244.641,107.520,0
wqfmtree,37-taxon,estimated-genetrees/1X-800-1000,R19,0.0000,3.922,740.047,15.360,0
astral,37-taxon,estimated-genetrees/1X-800-1000,R19,0.0000,2.895,505.367,105.472,0
aster,37-taxon,estimated-genetrees/1X-800-1000,R19,0.0000,1.669,81.375,15.360,0
treeqmc,37-taxon,estimated-genetrees/1X-800-1000,R19,0.0000,2.772,25.742,15.360,0
tmc,37-taxon,estimated-genetrees/1X-800-1000,R19,0.2059,22.785,324.633,15.360,0
supertriplets,37-taxon,estimated-genetrees/1X-800-1000,R19,0.1029,1.244,232.941,15.360,0
stelar,37-taxon,estimated-genetrees/1X-800-1000,R8,0.0000,0.795,248.512,107.520,0
wqfmtree,37-taxon,estimated-genetrees/1X-800-1000,R8,0.0000,3.636,753.488,15.360,0
astral,37-taxon,estimated-genetrees/1X-800-1000,R8,0.0000,3.519,499.621,105.472,0
aster,37-taxon,estimated-genetrees/1X-800-1000,R8,0.0000,1.699,78.379,15.360,0
treeqmc,37-taxon,estimated-genetrees/1X-800-1000,R8,0.0000,2.742,25.668,15.360,0
tmc,37-taxon,estimated-genetrees/1X-800-1000,R8,0.2059,22.392,324.855,15.360,0
supertriplets,37-taxon,estimated-genetrees/1X-800-1000,R8,0.1176,1.250,229.574,15.360,0
stelar,37-taxon,estimated-genetrees/1X-800-1000,R11,0.0000,0.785,245.137,107.520,0
wqfmtree,37-taxon,estimated-genetrees/1X-800-1000,R11,0.0000,4.019,750.922,15.360,0
astral,37-taxon,estimated-genetrees/1X-800-1000,R11,0.0000,2.988,499.895,105.472,0
aster,37-taxon,estimated-genetrees/1X-800-1000,R11,0.0000,1.883,81.031,15.360,0
treeqmc,37-taxon,estimated-genetrees/1X-800-1000,R11,0.0000,2.769,25.809,15.360,0
tmc,37-taxon,estimated-genetrees/1X-800-1000,R11,0.2353,22.171,324.711,15.360,0
supertriplets,37-taxon,estimated-genetrees/1X-800-1000,R11,0.1176,1.270,233.438,15.360,0
stelar,37-taxon,estimated-genetrees/1X-800-1000,R18,0.0000,0.720,245.391,107.520,0
wqfmtree,37-taxon,estimated-genetrees/1X-800-1000,R18,0.0000,3.691,859.129,15.360,0
astral,37-taxon,estimated-genetrees/1X-800-1000,R18,0.0000,2.836,483.730,105.472,0
aster,37-taxon,estimated-genetrees/1X-800-1000,R18,0.0000,1.916,81.348,15.360,0
treeqmc,37-taxon,estimated-genetrees/1X-800-1000,R18,0.0000,2.763,25.727,15.360,0
tmc,37-taxon,estimated-genetrees/1X-800-1000,R18,0.2647,23.254,325.016,15.360,0
supertriplets,37-taxon,estimated-genetrees/1X-800-1000,R18,0.1029,1.250,232.430,15.360,0
stelar,37-taxon,estimated-genetrees/0.5X-200-500,R10,0.0294,0.600,235.516,107.520,0
wqfmtree,37-taxon,estimated-genetrees/0.5X-200-500,R10,0.0294,0.884,291.656,15.360,0
astral,37-taxon,estimated-genetrees/0.5X-200-500,R10,0.0294,2.379,346.035,107.520,0
aster,37-taxon,estimated-genetrees/0.5X-200-500,R10,0.0294,0.605,23.125,15.360,0
treeqmc,37-taxon,estimated-genetrees/0.5X-200-500,R10,0.0294,0.859,9.816,15.360,0
tmc,37-taxon,estimated-genetrees/0.5X-200-500,R10,0.1765,6.205,82.699,15.360,0
supertriplets,37-taxon,estimated-genetrees/0.5X-200-500,R10,0.1912,0.636,209.004,15.360,0
stelar,37-taxon,estimated-genetrees/0.5X-200-500,R14,0.0588,0.586,224.914,107.520,0
wqfmtree,37-taxon,estimated-genetrees/0.5X-200-500,R14,0.0588,0.877,283.297,15.360,0
astral,37-taxon,estimated-genetrees/0.5X-200-500,R14,0.0294,2.184,363.523,107.520,0
aster,37-taxon,estimated-genetrees/0.5X-200-500,R14,0.0294,0.607,24.020,15.360,0
treeqmc,37-taxon,estimated-genetrees/0.5X-200-500,R14,0.0588,0.864,9.758,15.360,0
tmc,37-taxon,estimated-genetrees/0.5X-200-500,R14,0.1765,6.610,82.453,15.360,0
supertriplets,37-taxon,estimated-genetrees/0.5X-200-500,R14,0.1765,0.609,210.344,15.360,0
stelar,37-taxon,estimated-genetrees/0.5X-200-500,R7,0.0294,0.571,224.469,107.520,0
wqfmtree,37-taxon,estimated-genetrees/0.5X-200-500,R7,0.0294,0.915,280.652,15.360,0
astral,37-taxon,estimated-genetrees/0.5X-200-500,R7,0.0294,2.304,349.004,107.520,0
aster,37-taxon,estimated-genetrees/0.5X-200-500,R7,0.0294,0.584,23.148,15.360,0
treeqmc,37-taxon,estimated-genetrees/0.5X-200-500,R7,0.0294,0.876,9.539,15.360,0
tmc,37-taxon,estimated-genetrees/0.5X-200-500,R7,0.2353,6.687,82.508,15.360,0
supertriplets,37-taxon,estimated-genetrees/0.5X-200-500,R7,0.1912,0.611,205.465,15.360,0
stelar,37-taxon,estimated-genetrees/0.5X-200-500,R6,0.0000,0.605,222.766,107.520,0
wqfmtree,37-taxon,estimated-genetrees/0.5X-200-500,R6,0.0294,0.949,292.172,15.360,0
astral,37-taxon,estimated-genetrees/0.5X-200-500,R6,0.0000,2.126,367.840,107.520,0
aster,37-taxon,estimated-genetrees/0.5X-200-500,R6,0.0000,0.632,23.000,15.360,0
treeqmc,37-taxon,estimated-genetrees/0.5X-200-500,R6,0.0294,0.872,9.641,15.360,0
tmc,37-taxon,estimated-genetrees/0.5X-200-500,R6,0.1765,5.966,82.293,15.360,0
supertriplets,37-taxon,estimated-genetrees/0.5X-200-500,R6,0.1765,0.635,207.637,15.360,0
stelar,37-taxon,estimated-genetrees/0.5X-200-500,R12,0.0588,0.588,226.438,107.520,0
wqfmtree,37-taxon,estimated-genetrees/0.5X-200-500,R12,0.0294,0.866,291.395,15.360,0
astral,37-taxon,estimated-genetrees/0.5X-200-500,R12,0.0588,2.106,374.359,107.520,0
aster,37-taxon,estimated-genetrees/0.5X-200-500,R12,0.0588,0.603,22.812,15.360,0
treeqmc,37-taxon,estimated-genetrees/0.5X-200-500,R12,0.0294,0.859,9.883,15.360,0
tmc,37-taxon,estimated-genetrees/0.5X-200-500,R12,0.2353,6.104,82.418,15.360,0
supertriplets,37-taxon,estimated-genetrees/0.5X-200-500,R12,0.1765,0.642,213.199,15.360,0
stelar,37-taxon,estimated-genetrees/0.5X-200-500,R17,0.0588,0.627,237.863,107.520,0
wqfmtree,37-taxon,estimated-genetrees/0.5X-200-500,R17,0.0588,0.847,285.539,15.360,0
astral,37-taxon,estimated-genetrees/0.5X-200-500,R17,0.0588,2.342,351.359,107.520,0
aster,37-taxon,estimated-genetrees/0.5X-200-500,R17,0.0588,0.611,23.133,15.360,0
treeqmc,37-taxon,estimated-genetrees/0.5X-200-500,R17,0.0588,0.878,9.852,15.360,0
tmc,37-taxon,estimated-genetrees/0.5X-200-500,R17,0.2059,6.321,82.383,15.360,0
supertriplets,37-taxon,estimated-genetrees/0.5X-200-500,R17,0.1765,0.634,210.363,15.360,0
stelar,37-taxon,estimated-genetrees/0.5X-200-500,R13,0.0294,0.603,221.629,107.520,0
wqfmtree,37-taxon,estimated-genetrees/0.5X-200-500,R13,0.0294,0.851,283.578,15.360,0
astral,37-taxon,estimated-genetrees/0.5X-200-500,R13,0.0294,2.382,347.805,107.520,0
aster,37-taxon,estimated-genetrees/0.5X-200-500,R13,0.0294,0.646,23.023,15.360,0
treeqmc,37-taxon,estimated-genetrees/0.5X-200-500,R13,0.0294,0.873,9.816,15.360,0
tmc,37-taxon,estimated-genetrees/0.5X-200-500,R13,0.1765,6.551,82.828,15.360,0
supertriplets,37-taxon,estimated-genetrees/0.5X-200-500,R13,0.1912,0.613,209.051,15.360,0
stelar,37-taxon,estimated-genetrees/0.5X-200-500,R2,0.0294,0.577,225.418,104.448,0
wqfmtree,37-taxon,estimated-genetrees/0.5X-200-500,R2,0.0294,0.911,284.051,15.360,0
astral,37-taxon,estimated-genetrees/0.5X-200-500,R2,0.0294,2.554,351.266,107.520,0
aster,37-taxon,estimated-genetrees/0.5X-200-500,R2,0.0294,0.634,23.078,15.360,0
treeqmc,37-taxon,estimated-genetrees/0.5X-200-500,R2,0.0294,0.865,9.746,15.360,0
tmc,37-taxon,estimated-genetrees/0.5X-200-500,R2,0.2353,6.015,82.176,15.360,0
supertriplets,37-taxon,estimated-genetrees/0.5X-200-500,R2,0.2059,0.617,207.926,15.360,0
stelar,37-taxon,estimated-genetrees/0.5X-200-500,R5,0.0882,0.587,223.164,107.520,0
wqfmtree,37-taxon,estimated-genetrees/0.5X-200-500,R5,0.0882,0.927,287.191,15.360,0
astral,37-taxon,estimated-genetrees/0.5X-200-500,R5,0.0882,2.472,355.062,107.520,0
aster,37-taxon,estimated-genetrees/0.5X-200-500,R5,0.0882,0.661,23.207,15.360,0
treeqmc,37-taxon,estimated-genetrees/0.5X-200-500,R5,0.0882,0.876,9.766,15.360,0
tmc,37-taxon,estimated-genetrees/0.5X-200-500,R5,0.1471,7.289,82.270,15.360,0
supertriplets,37-taxon,estimated-genetrees/0.5X-200-500,R5,0.1765,0.600,208.668,15.360,0
stelar,37-taxon,estimated-genetrees/0.5X-200-500,R16,0.0294,0.554,226.090,104.448,0
wqfmtree,37-taxon,estimated-genetrees/0.5X-200-500,R16,0.0588,0.866,286.199,15.360,0
astral,37-taxon,estimated-genetrees/0.5X-200-500,R16,0.0588,2.367,353.941,107.520,0
aster,37-taxon,estimated-genetrees/0.5X-200-500,R16,0.0588,0.595,23.008,15.360,0
treeqmc,37-taxon,estimated-genetrees/0.5X-200-500,R16,0.0588,0.863,9.879,15.360,0
tmc,37-taxon,estimated-genetrees/0.5X-200-500,R16,0.2059,5.801,82.637,15.360,0
supertriplets,37-taxon,estimated-genetrees/0.5X-200-500,R16,0.1765,0.611,206.977,15.360,0
stelar,37-taxon,estimated-genetrees/0.5X-200-500,R1,0.0588,2.185,224.465,44.032,0
wqfmtree,37-taxon,estimated-genetrees/0.5X-200-500,R1,0.0588,0.899,278.695,15.360,0
astral,37-taxon,estimated-genetrees/0.5X-200-500,R1,0.0588,2.474,434.250,107.520,0
aster,37-taxon,estimated-genetrees/0.5X-200-500,R1,0.0588,0.652,23.055,15.360,0
treeqmc,37-taxon,estimated-genetrees/0.5X-200-500,R1,0.0588,0.878,9.629,15.360,0
tmc,37-taxon,estimated-genetrees/0.5X-200-500,R1,0.1765,7.227,82.578,15.360,0
supertriplets,37-taxon,estimated-genetrees/0.5X-200-500,R1,0.1912,0.614,212.176,15.360,0
stelar,37-taxon,estimated-genetrees/0.5X-200-500,R9,0.0294,0.625,238.844,107.520,0
wqfmtree,37-taxon,estimated-genetrees/0.5X-200-500,R9,0.0000,0.887,283.391,15.360,0
astral,37-taxon,estimated-genetrees/0.5X-200-500,R9,0.0294,2.628,346.102,107.520,0
aster,37-taxon,estimated-genetrees/0.5X-200-500,R9,0.0294,0.629,22.871,15.360,0
treeqmc,37-taxon,estimated-genetrees/0.5X-200-500,R9,0.0000,0.860,9.785,15.360,0
tmc,37-taxon,estimated-genetrees/0.5X-200-500,R9,0.2059,6.281,82.484,15.360,0
supertriplets,37-taxon,estimated-genetrees/0.5X-200-500,R9,0.1765,0.613,203.285,15.360,0
stelar,37-taxon,estimated-genetrees/0.5X-200-500,R15,0.0294,0.596,239.262,107.520,0
wqfmtree,37-taxon,estimated-genetrees/0.5X-200-500,R15,0.0294,0.868,286.543,15.360,0
astral,37-taxon,estimated-genetrees/0.5X-200-500,R15,0.0294,2.261,371.027,107.520,0
aster,37-taxon,estimated-genetrees/0.5X-200-500,R15,0.0294,0.647,23.195,15.360,0
treeqmc,37-taxon,estimated-genetrees/0.5X-200-500,R15,0.0294,0.877,9.703,15.360,0
tmc,37-taxon,estimated-genetrees/0.5X-200-500,R15,0.2059,6.320,82.477,15.360,0
supertriplets,37-taxon,estimated-genetrees/0.5X-200-500,R15,0.1912,0.627,206.895,15.360,0
stelar,37-taxon,estimated-genetrees/0.5X-200-500,R3,0.0588,0.586,222.824,107.520,0
wqfmtree,37-taxon,estimated-genetrees/0.5X-200-500,R3,0.0588,0.915,280.555,15.360,0
astral,37-taxon,estimated-genetrees/0.5X-200-500,R3,0.0588,2.572,353.062,107.520,0
aster,37-taxon,estimated-genetrees/0.5X-200-500,R3,0.0588,0.710,23.152,15.360,0
treeqmc,37-taxon,estimated-genetrees/0.5X-200-500,R3,0.0588,0.873,9.801,15.360,0
tmc,37-taxon,estimated-genetrees/0.5X-200-500,R3,0.2059,6.549,82.355,15.360,0
supertriplets,37-taxon,estimated-genetrees/0.5X-200-500,R3,0.1912,0.626,206.000,15.360,0
stelar,37-taxon,estimated-genetrees/0.5X-200-500,R20,0.0294,0.604,223.090,107.520,0
wqfmtree,37-taxon,estimated-genetrees/0.5X-200-500,R20,0.0588,0.916,283.535,15.360,0
astral,37-taxon,estimated-genetrees/0.5X-200-500,R20,0.0882,2.397,345.887,107.520,0
aster,37-taxon,estimated-genetrees/0.5X-200-500,R20,0.0882,0.676,22.906,15.360,0
treeqmc,37-taxon,estimated-genetrees/0.5X-200-500,R20,0.0588,0.873,9.754,15.360,0
tmc,37-taxon,estimated-genetrees/0.5X-200-500,R20,0.2059,5.745,82.883,15.360,0
supertriplets,37-taxon,estimated-genetrees/0.5X-200-500,R20,0.1912,0.602,205.008,15.360,0
stelar,37-taxon,estimated-genetrees/0.5X-200-500,R4,0.0588,0.623,224.875,107.520,0
wqfmtree,37-taxon,estimated-genetrees/0.5X-200-500,R4,0.0294,0.932,292.496,15.360,0
astral,37-taxon,estimated-genetrees/0.5X-200-500,R4,0.0294,2.476,355.141,107.520,0
aster,37-taxon,estimated-genetrees/0.5X-200-500,R4,0.0294,0.578,23.195,15.360,0
treeqmc,37-taxon,estimated-genetrees/0.5X-200-500,R4,0.0294,0.878,9.887,15.360,0
tmc,37-taxon,estimated-genetrees/0.5X-200-500,R4,0.2059,6.071,82.289,15.360,0
supertriplets,37-taxon,estimated-genetrees/0.5X-200-500,R4,0.1765,0.631,208.996,15.360,0
stelar,37-taxon,estimated-genetrees/0.5X-200-500,R19,0.1176,0.625,240.594,107.520,0
wqfmtree,37-taxon,estimated-genetrees/0.5X-200-500,R19,0.0294,0.892,289.477,15.360,0
astral,37-taxon,estimated-genetrees/0.5X-200-500,R19,0.0882,2.083,375.359,107.520,0
aster,37-taxon,estimated-genetrees/0.5X-200-500,R19,0.0882,0.632,23.109,15.360,0
treeqmc,37-taxon,estimated-genetrees/0.5X-200-500,R19,0.0294,0.864,9.762,15.360,0
tmc,37-taxon,estimated-genetrees/0.5X-200-500,R19,0.1765,5.874,82.387,15.360,0
supertriplets,37-taxon,estimated-genetrees/0.5X-200-500,R19,0.1912,0.599,210.203,15.360,0
stelar,37-taxon,estimated-genetrees/0.5X-200-500,R8,0.0882,0.593,223.398,107.520,0
wqfmtree,37-taxon,estimated-genetrees/0.5X-200-500,R8,0.0588,0.868,287.422,15.360,0
astral,37-taxon,estimated-genetrees/0.5X-200-500,R8,0.0882,2.652,348.734,107.520,0
aster,37-taxon,estimated-genetrees/0.5X-200-500,R8,0.0882,0.650,23.164,15.360,0
treeqmc,37-taxon,estimated-genetrees/0.5X-200-500,R8,0.0588,0.868,9.637,15.360,0
tmc,37-taxon,estimated-genetrees/0.5X-200-500,R8,0.2353,5.981,82.355,15.360,0
supertriplets,37-taxon,estimated-genetrees/0.5X-200-500,R8,0.1765,0.587,216.609,15.360,0
stelar,37-taxon,estimated-genetrees/0.5X-200-500,R11,0.0294,0.590,224.613,107.520,0
wqfmtree,37-taxon,estimated-genetrees/0.5X-200-500,R11,0.0294,0.904,283.977,15.360,0
astral,37-taxon,estimated-genetrees/0.5X-200-500,R11,0.0294,2.047,375.715,107.520,0
aster,37-taxon,estimated-genetrees/0.5X-200-500,R11,0.0294,0.636,23.156,15.360,0
treeqmc,37-taxon,estimated-genetrees/0.5X-200-500,R11,0.0294,0.868,9.859,15.360,0
tmc,37-taxon,estimated-genetrees/0.5X-200-500,R11,0.1765,6.545,82.473,15.360,0
supertriplets,37-taxon,estimated-genetrees/0.5X-200-500,R11,0.1618,0.635,208.242,15.360,0
stelar,37-taxon,estimated-genetrees/0.5X-200-500,R18,0.0294,0.603,223.367,107.520,0
wqfmtree,37-taxon,estimated-genetrees/0.5X-200-500,R18,0.0588,0.928,287.473,15.360,0
astral,37-taxon,estimated-genetrees/0.5X-200-500,R18,0.0588,2.338,373.043,107.520,0
aster,37-taxon,estimated-genetrees/0.5X-200-500,R18,0.0588,0.618,23.977,15.360,0
treeqmc,37-taxon,estimated-genetrees/0.5X-200-500,R18,0.0588,0.853,9.746,15.360,0
tmc,37-taxon,estimated-genetrees/0.5X-200-500,R18,0.1765,5.753,82.664,15.360,0
supertriplets,37-taxon,estimated-genetrees/0.5X-200-500,R18,0.2059,0.602,211.746,15.360,0
stelar,37-taxon,estimated-genetrees/1X-800-500,R10,0.0294,0.861,250.023,107.520,0
wqfmtree,37-taxon,estimated-genetrees/1X-800-500,R10,0.0294,4.179,448.270,15.360,0
astral,37-taxon,estimated-genetrees/1X-800-500,R10,0.0294,3.822,507.699,105.472,0
aster,37-taxon,estimated-genetrees/1X-800-500,R10,0.0294,1.695,77.941,15.360,0
treeqmc,37-taxon,estimated-genetrees/1X-800-500,R10,0.0294,2.753,25.746,15.360,0
tmc,37-taxon,estimated-genetrees/1X-800-500,R10,0.2353,23.373,324.980,15.360,0
supertriplets,37-taxon,estimated-genetrees/1X-800-500,R10,0.1471,1.230,227.777,15.360,0
stelar,37-taxon,estimated-genetrees/1X-800-500,R14,0.0000,0.765,254.359,107.520,0
wqfmtree,37-taxon,estimated-genetrees/1X-800-500,R14,0.0000,3.559,650.574,15.360,0
astral,37-taxon,estimated-genetrees/1X-800-500,R14,0.0000,2.907,524.270,105.472,0
aster,37-taxon,estimated-genetrees/1X-800-500,R14,0.0000,1.783,78.168,15.360,0
treeqmc,37-taxon,estimated-genetrees/1X-800-500,R14,0.0000,2.722,25.699,15.360,0
tmc,37-taxon,estimated-genetrees/1X-800-500,R14,0.2059,23.403,324.605,15.360,0
supertriplets,37-taxon,estimated-genetrees/1X-800-500,R14,0.1471,1.241,228.188,15.360,0
stelar,37-taxon,estimated-genetrees/1X-800-500,R7,0.0000,0.795,254.328,107.520,0
wqfmtree,37-taxon,estimated-genetrees/1X-800-500,R7,0.0000,4.364,698.879,15.360,0
astral,37-taxon,estimated-genetrees/1X-800-500,R7,0.0000,2.993,533.234,105.472,0
aster,37-taxon,estimated-genetrees/1X-800-500,R7,0.0000,1.696,78.258,15.360,0
treeqmc,37-taxon,estimated-genetrees/1X-800-500,R7,0.0000,2.776,25.562,15.360,0
tmc,37-taxon,estimated-genetrees/1X-800-500,R7,0.2647,23.046,324.828,15.360,0
supertriplets,37-taxon,estimated-genetrees/1X-800-500,R7,0.1618,1.281,225.227,15.360,0
stelar,37-taxon,estimated-genetrees/1X-800-500,R6,0.0294,0.844,257.141,107.520,0
wqfmtree,37-taxon,estimated-genetrees/1X-800-500,R6,0.0294,4.321,423.852,15.360,0
astral,37-taxon,estimated-genetrees/1X-800-500,R6,0.0294,3.075,505.543,105.472,0
aster,37-taxon,estimated-genetrees/1X-800-500,R6,0.0294,1.756,78.195,15.360,0
treeqmc,37-taxon,estimated-genetrees/1X-800-500,R6,0.0294,2.748,25.660,15.360,0
tmc,37-taxon,estimated-genetrees/1X-800-500,R6,0.2059,23.908,324.621,15.360,0
supertriplets,37-taxon,estimated-genetrees/1X-800-500,R6,0.1324,1.241,230.066,15.360,0
stelar,37-taxon,estimated-genetrees/1X-800-500,R12,0.0000,0.841,258.207,107.520,0
wqfmtree,37-taxon,estimated-genetrees/1X-800-500,R12,0.0000,3.637,668.281,15.360,0
astral,37-taxon,estimated-genetrees/1X-800-500,R12,0.0000,2.950,508.887,105.472,0
aster,37-taxon,estimated-genetrees/1X-800-500,R12,0.0000,1.731,81.316,15.360,0
treeqmc,37-taxon,estimated-genetrees/1X-800-500,R12,0.0000,2.717,25.949,15.360,0
tmc,37-taxon,estimated-genetrees/1X-800-500,R12,0.1765,23.005,324.324,15.360,0
supertriplets,37-taxon,estimated-genetrees/1X-800-500,R12,0.1618,1.238,226.934,15.360,0
stelar,37-taxon,estimated-genetrees/1X-800-500,R17,0.0000,0.751,254.609,107.520,0
wqfmtree,37-taxon,estimated-genetrees/1X-800-500,R17,0.0000,3.619,451.676,15.360,0
astral,37-taxon,estimated-genetrees/1X-800-500,R17,0.0000,2.954,518.336,105.472,0
aster,37-taxon,estimated-genetrees/1X-800-500,R17,0.0000,1.728,78.039,15.360,0
treeqmc,37-taxon,estimated-genetrees/1X-800-500,R17,0.0000,2.731,25.773,15.360,0
tmc,37-taxon,estimated-genetrees/1X-800-500,R17,0.1765,23.304,324.508,15.360,0
supertriplets,37-taxon,estimated-genetrees/1X-800-500,R17,0.1324,1.248,227.734,15.360,0
stelar,37-taxon,estimated-genetrees/1X-800-500,R13,0.0000,0.740,251.797,107.520,0
wqfmtree,37-taxon,estimated-genetrees/1X-800-500,R13,0.0000,3.613,671.434,15.360,0
astral,37-taxon,estimated-genetrees/1X-800-500,R13,0.0000,3.073,493.125,105.472,0
aster,37-taxon,estimated-genetrees/1X-800-500,R13,0.0000,2.052,81.316,15.360,0
treeqmc,37-taxon,estimated-genetrees/1X-800-500,R13,0.0000,2.796,25.645,15.360,0
tmc,37-taxon,estimated-genetrees/1X-800-500,R13,0.2353,23.037,324.539,15.360,0
supertriplets,37-taxon,estimated-genetrees/1X-800-500,R13,0.1471,1.269,233.867,15.360,0
stelar,37-taxon,estimated-genetrees/1X-800-500,R2,0.0000,0.873,250.609,107.520,0
wqfmtree,37-taxon,estimated-genetrees/1X-800-500,R2,0.0000,4.177,463.367,15.360,0
astral,37-taxon,estimated-genetrees/1X-800-500,R2,0.0000,3.068,498.766,105.472,0
aster,37-taxon,estimated-genetrees/1X-800-500,R2,0.0000,1.759,78.305,15.360,0
treeqmc,37-taxon,estimated-genetrees/1X-800-500,R2,0.0000,2.749,25.633,15.360,0
tmc,37-taxon,estimated-genetrees/1X-800-500,R2,0.2059,23.280,324.605,15.360,0
supertriplets,37-taxon,estimated-genetrees/1X-800-500,R2,0.1324,1.250,224.340,15.360,0
stelar,37-taxon,estimated-genetrees/1X-800-500,R5,0.0000,0.860,248.926,107.520,0
wqfmtree,37-taxon,estimated-genetrees/1X-800-500,R5,0.0000,3.953,413.754,15.360,0
astral,37-taxon,estimated-genetrees/1X-800-500,R5,0.0000,3.155,473.312,105.472,0
aster,37-taxon,estimated-genetrees/1X-800-500,R5,0.0000,1.751,78.285,15.360,0
treeqmc,37-taxon,estimated-genetrees/1X-800-500,R5,0.0000,2.806,25.785,15.360,0
tmc,37-taxon,estimated-genetrees/1X-800-500,R5,0.2647,23.310,324.605,15.360,0
supertriplets,37-taxon,estimated-genetrees/1X-800-500,R5,0.1471,1.239,229.637,15.360,0
stelar,37-taxon,estimated-genetrees/1X-800-500,R16,0.0294,0.730,249.258,107.520,0
wqfmtree,37-taxon,estimated-genetrees/1X-800-500,R16,0.0294,3.727,437.520,15.360,0
astral,37-taxon,estimated-genetrees/1X-800-500,R16,0.0294,2.929,488.535,105.472,0
aster,37-taxon,estimated-genetrees/1X-800-500,R16,0.0294,1.717,78.336,15.360,0
treeqmc,37-taxon,estimated-genetrees/1X-800-500,R16,0.0294,2.739,25.680,15.360,0
tmc,37-taxon,estimated-genetrees/1X-800-500,R16,0.2353,23.378,324.586,15.360,0
supertriplets,37-taxon,estimated-genetrees/1X-800-500,R16,0.1324,1.251,228.684,15.360,0
stelar,37-taxon,estimated-genetrees/1X-800-500,R1,0.0000,0.843,251.066,107.520,0
wqfmtree,37-taxon,estimated-genetrees/1X-800-500,R1,0.0000,4.063,550.910,15.360,0
astral,37-taxon,estimated-genetrees/1X-800-500,R1,0.0000,3.194,498.379,105.472,0
aster,37-taxon,estimated-genetrees/1X-800-500,R1,0.0000,1.799,81.062,15.360,0
treeqmc,37-taxon,estimated-genetrees/1X-800-500,R1,0.0000,2.766,25.797,15.360,0
tmc,37-taxon,estimated-genetrees/1X-800-500,R1,0.2059,22.784,324.703,15.360,0
supertriplets,37-taxon,estimated-genetrees/1X-800-500,R1,0.1324,1.259,220.371,15.360,0
stelar,37-taxon,estimated-genetrees/1X-800-500,R9,0.0000,0.805,255.941,107.520,0
wqfmtree,37-taxon,estimated-genetrees/1X-800-500,R9,0.0000,4.001,453.926,15.360,0
astral,37-taxon,estimated-genetrees/1X-800-500,R9,0.0000,3.143,534.020,105.472,0
aster,37-taxon,estimated-genetrees/1X-800-500,R9,0.0000,1.688,78.141,15.360,0
treeqmc,37-taxon,estimated-genetrees/1X-800-500,R9,0.0000,2.790,25.484,15.360,0
tmc,37-taxon,estimated-genetrees/1X-800-500,R9,0.2353,22.570,325.078,15.360,0
supertriplets,37-taxon,estimated-genetrees/1X-800-500,R9,0.1324,1.222,227.105,15.360,0
stelar,37-taxon,estimated-genetrees/1X-800-500,R15,0.0000,0.720,242.566,107.520,0
wqfmtree,37-taxon,estimated-genetrees/1X-800-500,R15,0.0000,3.564,431.711,15.360,0
astral,37-taxon,estimated-genetrees/1X-800-500,R15,0.0000,2.841,522.641,105.472,0
aster,37-taxon,estimated-genetrees/1X-800-500,R15,0.0000,1.703,81.445,15.360,0
treeqmc,37-taxon,estimated-genetrees/1X-800-500,R15,0.0000,2.704,25.809,15.360,0
tmc,37-taxon,estimated-genetrees/1X-800-500,R15,0.1471,22.717,324.258,15.360,0
supertriplets,37-taxon,estimated-genetrees/1X-800-500,R15,0.1324,1.268,231.492,15.360,0
stelar,37-taxon,estimated-genetrees/1X-800-500,R3,0.0000,0.840,244.809,107.520,0
wqfmtree,37-taxon,estimated-genetrees/1X-800-500,R3,0.0000,4.240,443.750,15.360,0
astral,37-taxon,estimated-genetrees/1X-800-500,R3,0.0000,2.979,507.066,105.472,0
aster,37-taxon,estimated-genetrees/1X-800-500,R3,0.0000,1.727,78.488,15.360,0
treeqmc,37-taxon,estimated-genetrees/1X-800-500,R3,0.0000,2.754,25.973,15.360,0
tmc,37-taxon,estimated-genetrees/1X-800-500,R3,0.2647,23.180,324.289,15.360,0
supertriplets,37-taxon,estimated-genetrees/1X-800-500,R3,0.1176,1.266,224.918,15.360,0
stelar,37-taxon,estimated-genetrees/1X-800-500,R20,0.0294,0.791,251.676,107.520,0
wqfmtree,37-taxon,estimated-genetrees/1X-800-500,R20,0.0294,3.637,662.156,15.360,0
astral,37-taxon,estimated-genetrees/1X-800-500,R20,0.0294,3.057,504.527,105.472,0
aster,37-taxon,estimated-genetrees/1X-800-500,R20,0.0294,1.756,78.309,15.360,0
treeqmc,37-taxon,estimated-genetrees/1X-800-500,R20,0.0294,2.748,25.793,15.360,0
tmc,37-taxon,estimated-genetrees/1X-800-500,R20,0.1176,22.679,324.539,15.360,0
supertriplets,37-taxon,estimated-genetrees/1X-800-500,R20,0.1471,1.251,230.496,15.360,0
stelar,37-taxon,estimated-genetrees/1X-800-500,R4,0.0294,0.785,253.711,107.520,0
wqfmtree,37-taxon,estimated-genetrees/1X-800-500,R4,0.0000,4.153,448.523,15.360,0
astral,37-taxon,estimated-genetrees/1X-800-500,R4,0.0294,2.964,521.559,105.472,0
aster,37-taxon,estimated-genetrees/1X-800-500,R4,0.0294,1.771,78.336,15.360,0
treeqmc,37-taxon,estimated-genetrees/1X-800-500,R4,0.0000,2.800,25.785,15.360,0
tmc,37-taxon,estimated-genetrees/1X-800-500,R4,0.2647,23.790,324.668,15.360,0
supertriplets,37-taxon,estimated-genetrees/1X-800-500,R4,0.1471,1.259,230.305,15.360,0
stelar,37-taxon,estimated-genetrees/1X-800-500,R19,0.0000,0.796,252.820,107.520,0
wqfmtree,37-taxon,estimated-genetrees/1X-800-500,R19,0.0000,3.664,432.156,15.360,0
astral,37-taxon,estimated-genetrees/1X-800-500,R19,0.0000,3.793,519.715,105.472,0
aster,37-taxon,estimated-genetrees/1X-800-500,R19,0.0000,1.693,78.355,15.360,0
treeqmc,37-taxon,estimated-genetrees/1X-800-500,R19,0.0000,2.747,25.934,15.360,0
tmc,37-taxon,estimated-genetrees/1X-800-500,R19,0.2353,22.957,324.102,15.360,0
supertriplets,37-taxon,estimated-genetrees/1X-800-500,R19,0.1176,1.242,226.258,15.360,0
stelar,37-taxon,estimated-genetrees/1X-800-500,R8,0.0000,0.835,247.039,107.520,0
wqfmtree,37-taxon,estimated-genetrees/1X-800-500,R8,0.0000,4.520,358.645,15.360,0
astral,37-taxon,estimated-genetrees/1X-800-500,R8,0.0000,3.003,482.699,105.472,0
aster,37-taxon,estimated-genetrees/1X-800-500,R8,0.0000,1.705,78.266,15.360,0
treeqmc,37-taxon,estimated-genetrees/1X-800-500,R8,0.0000,2.731,25.785,15.360,0
tmc,37-taxon,estimated-genetrees/1X-800-500,R8,0.2647,22.939,324.703,15.360,0
supertriplets,37-taxon,estimated-genetrees/1X-800-500,R8,0.1471,1.251,226.406,15.360,0
stelar,37-taxon,estimated-genetrees/1X-800-500,R11,0.0000,0.707,252.105,107.520,0
wqfmtree,37-taxon,estimated-genetrees/1X-800-500,R11,0.0000,4.398,441.117,15.360,0
astral,37-taxon,estimated-genetrees/1X-800-500,R11,0.0000,2.997,558.359,105.472,0
aster,37-taxon,estimated-genetrees/1X-800-500,R11,0.0000,2.123,78.535,15.360,0
treeqmc,37-taxon,estimated-genetrees/1X-800-500,R11,0.0000,2.726,25.688,15.360,0
tmc,37-taxon,estimated-genetrees/1X-800-500,R11,0.2353,23.093,324.617,15.360,0
supertriplets,37-taxon,estimated-genetrees/1X-800-500,R11,0.1471,1.250,229.500,15.360,0
stelar,37-taxon,estimated-genetrees/1X-800-500,R18,0.0000,0.712,250.945,107.520,0
wqfmtree,37-taxon,estimated-genetrees/1X-800-500,R18,0.0000,3.623,659.070,15.360,0
astral,37-taxon,estimated-genetrees/1X-800-500,R18,0.0000,3.036,533.656,105.472,0
aster,37-taxon,estimated-genetrees/1X-800-500,R18,0.0000,1.692,78.305,15.360,0
treeqmc,37-taxon,estimated-genetrees/1X-800-500,R18,0.0000,2.725,26.055,15.360,0
tmc,37-taxon,estimated-genetrees/1X-800-500,R18,0.1471,22.102,324.852,15.360,0
supertriplets,37-taxon,estimated-genetrees/1X-800-500,R18,0.1471,1.246,229.777,15.360,0
stelar,37-taxon,estimated-genetrees/2X-200-500,R10,0.0294,0.556,217.117,104.448,0
wqfmtree,37-taxon,estimated-genetrees/2X-200-500,R10,0.0000,0.865,247.820,15.360,0
astral,37-taxon,estimated-genetrees/2X-200-500,R10,0.0000,1.820,335.504,107.520,0
aster,37-taxon,estimated-genetrees/2X-200-500,R10,0.0000,0.556,23.191,15.360,0
treeqmc,37-taxon,estimated-genetrees/2X-200-500,R10,0.0000,0.884,9.797,15.360,0
tmc,37-taxon,estimated-genetrees/2X-200-500,R10,0.2647,5.749,82.828,15.360,0
supertriplets,37-taxon,estimated-genetrees/2X-200-500,R10,0.0882,0.585,209.496,15.360,0
stelar,37-taxon,estimated-genetrees/2X-200-500,R14,0.0588,0.598,234.215,107.520,0
wqfmtree,37-taxon,estimated-genetrees/2X-200-500,R14,0.0294,0.852,250.039,15.360,0
astral,37-taxon,estimated-genetrees/2X-200-500,R14,0.0294,1.850,340.398,107.520,0
aster,37-taxon,estimated-genetrees/2X-200-500,R14,0.0294,0.601,23.133,15.360,0
treeqmc,37-taxon,estimated-genetrees/2X-200-500,R14,0.0294,0.884,9.785,15.360,0
tmc,37-taxon,estimated-genetrees/2X-200-500,R14,0.2353,5.877,82.633,15.360,0
supertriplets,37-taxon,estimated-genetrees/2X-200-500,R14,0.1029,0.582,213.727,15.360,0
stelar,37-taxon,estimated-genetrees/2X-200-500,R7,0.0294,0.492,224.020,39.936,0
wqfmtree,37-taxon,estimated-genetrees/2X-200-500,R7,0.0294,0.840,251.895,15.360,0
astral,37-taxon,estimated-genetrees/2X-200-500,R7,0.0294,1.838,328.738,107.520,0
aster,37-taxon,estimated-genetrees/2X-200-500,R7,0.0294,0.573,23.039,15.360,0
treeqmc,37-taxon,estimated-genetrees/2X-200-500,R7,0.0294,0.875,9.617,15.360,0
tmc,37-taxon,estimated-genetrees/2X-200-500,R7,0.1765,5.754,82.727,15.360,0
supertriplets,37-taxon,estimated-genetrees/2X-200-500,R7,0.0882,0.607,204.941,15.360,0
stelar,37-taxon,estimated-genetrees/2X-200-500,R6,0.0588,0.643,221.109,107.520,0
wqfmtree,37-taxon,estimated-genetrees/2X-200-500,R6,0.0294,0.806,244.516,15.360,0
astral,37-taxon,estimated-genetrees/2X-200-500,R6,0.0588,1.887,320.176,107.520,0
aster,37-taxon,estimated-genetrees/2X-200-500,R6,0.0588,0.577,23.188,15.360,0
treeqmc,37-taxon,estimated-genetrees/2X-200-500,R6,0.0294,0.876,9.926,15.360,0
tmc,37-taxon,estimated-genetrees/2X-200-500,R6,0.2647,5.813,82.875,15.360,0
supertriplets,37-taxon,estimated-genetrees/2X-200-500,R6,0.0882,0.584,209.836,15.360,0
stelar,37-taxon,estimated-genetrees/2X-200-500,R12,0.0294,0.483,223.648,107.520,0
wqfmtree,37-taxon,estimated-genetrees/2X-200-500,R12,0.0294,0.808,254.246,15.360,0
astral,37-taxon,estimated-genetrees/2X-200-500,R12,0.0294,1.806,387.625,107.520,0
aster,37-taxon,estimated-genetrees/2X-200-500,R12,0.0294,0.545,23.137,15.360,0
treeqmc,37-taxon,estimated-genetrees/2X-200-500,R12,0.0294,0.876,9.926,15.360,0
tmc,37-taxon,estimated-genetrees/2X-200-500,R12,0.2059,5.714,82.828,15.360,0
supertriplets,37-taxon,estimated-genetrees/2X-200-500,R12,0.1029,0.582,204.793,15.360,0
stelar,37-taxon,estimated-genetrees/2X-200-500,R17,0.0588,0.583,234.602,107.520,0
wqfmtree,37-taxon,estimated-genetrees/2X-200-500,R17,0.0588,0.850,243.832,15.360,0
astral,37-taxon,estimated-genetrees/2X-200-500,R17,0.0588,1.862,366.289,107.520,0
aster,37-taxon,estimated-genetrees/2X-200-500,R17,0.0588,0.542,23.156,15.360,0
treeqmc,37-taxon,estimated-genetrees/2X-200-500,R17,0.0588,0.899,9.723,15.360,0
tmc,37-taxon,estimated-genetrees/2X-200-500,R17,0.1765,5.868,82.641,15.360,0
supertriplets,37-taxon,estimated-genetrees/2X-200-500,R17,0.0735,0.591,204.332,15.360,0
stelar,37-taxon,estimated-genetrees/2X-200-500,R13,0.0294,0.493,217.848,58.368,0
wqfmtree,37-taxon,estimated-genetrees/2X-200-500,R13,0.0588,0.891,249.570,15.360,0
astral,37-taxon,estimated-genetrees/2X-200-500,R13,0.0588,1.805,337.387,107.520,0
aster,37-taxon,estimated-genetrees/2X-200-500,R13,0.0588,0.540,23.047,15.360,0
treeqmc,37-taxon,estimated-genetrees/2X-200-500,R13,0.0588,0.868,9.879,15.360,0
tmc,37-taxon,estimated-genetrees/2X-200-500,R13,0.1765,5.932,82.891,15.360,0
supertriplets,37-taxon,estimated-genetrees/2X-200-500,R13,0.1029,0.593,204.500,15.360,0
stelar,37-taxon,estimated-genetrees/2X-200-500,R2,0.0000,0.619,197.711,105.472,0
wqfmtree,37-taxon,estimated-genetrees/2X-200-500,R2,0.0000,0.780,250.512,15.360,0
astral,37-taxon,estimated-genetrees/2X-200-500,R2,0.0000,1.975,317.234,105.472,0
aster,37-taxon,estimated-genetrees/2X-200-500,R2,0.0000,0.590,23.188,15.360,0
treeqmc,37-taxon,estimated-genetrees/2X-200-500,R2,0.0000,1.081,9.766,15.360,0
tmc,37-taxon,estimated-genetrees/2X-200-500,R2,0.1765,6.285,82.730,15.360,0
supertriplets,37-taxon,estimated-genetrees/2X-200-500,R2,0.1029,0.588,206.965,15.360,0
stelar,37-taxon,estimated-genetrees/2X-200-500,R5,0.0294,0.510,197.641,105.472,0
wqfmtree,37-taxon,estimated-genetrees/2X-200-500,R5,0.0000,0.745,249.570,15.360,0
astral,37-taxon,estimated-genetrees/2X-200-500,R5,0.0000,2.005,318.383,105.472,0
aster,37-taxon,estimated-genetrees/2X-200-500,R5,0.0000,0.574,23.016,15.360,0
treeqmc,37-taxon,estimated-genetrees/2X-200-500,R5,0.0000,1.057,9.848,15.360,0
tmc,37-taxon,estimated-genetrees/2X-200-500,R5,0.2059,5.981,82.586,15.360,0
supertriplets,37-taxon,estimated-genetrees/2X-200-500,R5,0.0882,0.595,205.477,15.360,0
stelar,37-taxon,estimated-genetrees/2X-200-500,R16,0.0588,0.557,220.863,104.448,0
wqfmtree,37-taxon,estimated-genetrees/2X-200-500,R16,0.0000,0.851,253.824,15.360,0
astral,37-taxon,estimated-genetrees/2X-200-500,R16,0.0000,1.792,379.508,107.520,0
aster,37-taxon,estimated-genetrees/2X-200-500,R16,0.0000,0.571,23.383,15.360,0
treeqmc,37-taxon,estimated-genetrees/2X-200-500,R16,0.0000,0.877,9.734,15.360,0
tmc,37-taxon,estimated-genetrees/2X-200-500,R16,0.1765,5.900,82.855,15.360,0
supertriplets,37-taxon,estimated-genetrees/2X-200-500,R16,0.0735,0.589,214.262,15.360,0
stelar,37-taxon,estimated-genetrees/2X-200-500,R1,0.0294,0.597,198.059,102.400,0
wqfmtree,37-taxon,estimated-genetrees/2X-200-500,R1,0.0588,0.740,247.484,15.360,0
astral,37-taxon,estimated-genetrees/2X-200-500,R1,0.0294,1.987,333.598,105.472,0
aster,37-taxon,estimated-genetrees/2X-200-500,R1,0.0294,0.557,23.305,15.360,0
treeqmc,37-taxon,estimated-genetrees/2X-200-500,R1,0.0588,1.077,9.863,15.360,0
tmc,37-taxon,estimated-genetrees/2X-200-500,R1,0.2059,6.240,82.715,15.360,0
supertriplets,37-taxon,estimated-genetrees/2X-200-500,R1,0.0882,0.588,209.688,15.360,0
stelar,37-taxon,estimated-genetrees/2X-200-500,R9,0.0588,0.500,232.098,33.792,0
wqfmtree,37-taxon,estimated-genetrees/2X-200-500,R9,0.0294,0.974,245.773,15.360,0
astral,37-taxon,estimated-genetrees/2X-200-500,R9,0.0588,1.942,423.922,107.520,0
aster,37-taxon,estimated-genetrees/2X-200-500,R9,0.0588,0.590,23.031,15.360,0
treeqmc,37-taxon,estimated-genetrees/2X-200-500,R9,0.0294,0.875,9.668,15.360,0
tmc,37-taxon,estimated-genetrees/2X-200-500,R9,0.1471,6.458,82.590,15.360,0
supertriplets,37-taxon,estimated-genetrees/2X-200-500,R9,0.0882,0.590,204.957,15.360,0
stelar,37-taxon,estimated-genetrees/2X-200-500,R15,0.0588,0.561,217.480,104.448,0
wqfmtree,37-taxon,estimated-genetrees/2X-200-500,R15,0.0000,1.000,253.039,15.360,0
astral,37-taxon,estimated-genetrees/2X-200-500,R15,0.0294,1.851,394.203,107.520,0
aster,37-taxon,estimated-genetrees/2X-200-500,R15,0.0294,0.554,23.203,15.360,0
treeqmc,37-taxon,estimated-genetrees/2X-200-500,R15,0.0000,0.867,9.930,15.360,0
tmc,37-taxon,estimated-genetrees/2X-200-500,R15,0.1176,5.946,82.762,15.360,0
supertriplets,37-taxon,estimated-genetrees/2X-200-500,R15,0.1029,0.598,206.051,15.360,0
stelar,37-taxon,estimated-genetrees/2X-200-500,R3,0.0000,0.630,194.312,105.472,0
wqfmtree,37-taxon,estimated-genetrees/2X-200-500,R3,0.0000,0.812,252.910,15.360,0
astral,37-taxon,estimated-genetrees/2X-200-500,R3,0.0000,2.018,337.297,105.472,0
aster,37-taxon,estimated-genetrees/2X-200-500,R3,0.0000,0.585,23.000,15.360,0
treeqmc,37-taxon,estimated-genetrees/2X-200-500,R3,0.0000,1.067,9.855,15.360,0
tmc,37-taxon,estimated-genetrees/2X-200-500,R3,0.2353,5.854,82.637,15.360,0
supertriplets,37-taxon,estimated-genetrees/2X-200-500,R3,0.1029,0.594,207.508,15.360,0
stelar,37-taxon,estimated-genetrees/2X-200-500,R20,0.0000,0.605,226.828,107.520,0
wqfmtree,37-taxon,estimated-genetrees/2X-200-500,R20,0.0000,0.816,248.973,15.360,0
astral,37-taxon,estimated-genetrees/2X-200-500,R20,0.0000,1.904,318.289,107.520,0
aster,37-taxon,estimated-genetrees/2X-200-500,R20,0.0000,0.579,23.172,15.360,0
treeqmc,37-taxon,estimated-genetrees/2X-200-500,R20,0.0000,0.895,9.852,15.360,0
tmc,37-taxon,estimated-genetrees/2X-200-500,R20,0.1471,6.216,82.727,15.360,0
supertriplets,37-taxon,estimated-genetrees/2X-200-500,R20,0.1029,0.600,204.125,15.360,0
stelar,37-taxon,estimated-genetrees/2X-200-500,R4,0.0294,0.646,198.934,105.472,0
wqfmtree,37-taxon,estimated-genetrees/2X-200-500,R4,0.0294,0.762,246.527,15.360,0
astral,37-taxon,estimated-genetrees/2X-200-500,R4,0.0294,2.025,321.488,105.472,0
aster,37-taxon,estimated-genetrees/2X-200-500,R4,0.0294,0.559,23.055,15.360,0
treeqmc,37-taxon,estimated-genetrees/2X-200-500,R4,0.0294,1.100,9.789,15.360,0
tmc,37-taxon,estimated-genetrees/2X-200-500,R4,0.2059,6.042,82.703,15.360,0
supertriplets,37-taxon,estimated-genetrees/2X-200-500,R4,0.1029,0.591,206.012,15.360,0
stelar,37-taxon,estimated-genetrees/2X-200-500,R19,0.0000,0.566,217.984,104.448,0
wqfmtree,37-taxon,estimated-genetrees/2X-200-500,R19,0.0000,0.804,247.586,15.360,0
astral,37-taxon,estimated-genetrees/2X-200-500,R19,0.0000,1.795,389.680,107.520,0
aster,37-taxon,estimated-genetrees/2X-200-500,R19,0.0000,0.561,23.102,15.360,0
treeqmc,37-taxon,estimated-genetrees/2X-200-500,R19,0.0000,0.909,9.793,15.360,0
tmc,37-taxon,estimated-genetrees/2X-200-500,R19,0.1765,5.767,82.738,15.360,0
supertriplets,37-taxon,estimated-genetrees/2X-200-500,R19,0.1029,0.583,207.492,15.360,0
stelar,37-taxon,estimated-genetrees/2X-200-500,R8,0.0588,0.483,234.895,44.032,0
wqfmtree,37-taxon,estimated-genetrees/2X-200-500,R8,0.0294,0.818,247.883,15.360,0
astral,37-taxon,estimated-genetrees/2X-200-500,R8,0.0294,2.037,443.430,107.520,0
aster,37-taxon,estimated-genetrees/2X-200-500,R8,0.0294,0.665,23.043,15.360,0
treeqmc,37-taxon,estimated-genetrees/2X-200-500,R8,0.0294,0.895,9.883,15.360,0
tmc,37-taxon,estimated-genetrees/2X-200-500,R8,0.1471,6.223,82.465,111.616,0
supertriplets,37-taxon,estimated-genetrees/2X-200-500,R8,0.1029,0.593,214.770,109.568,0
stelar,37-taxon,estimated-genetrees/2X-200-500,R11,0.0000,0.573,222.727,107.520,0
wqfmtree,37-taxon,estimated-genetrees/2X-200-500,R11,0.0294,0.809,238.180,15.360,0
astral,37-taxon,estimated-genetrees/2X-200-500,R11,0.0294,1.775,344.031,107.520,0
aster,37-taxon,estimated-genetrees/2X-200-500,R11,0.0294,0.525,23.000,15.360,0
treeqmc,37-taxon,estimated-genetrees/2X-200-500,R11,0.0294,0.878,9.879,15.360,0
tmc,37-taxon,estimated-genetrees/2X-200-500,R11,0.1765,6.019,82.605,15.360,0
supertriplets,37-taxon,estimated-genetrees/2X-200-500,R11,0.1029,0.586,203.367,15.360,0
stelar,37-taxon,estimated-genetrees/2X-200-500,R18,0.0294,0.553,234.273,104.448,0
wqfmtree,37-taxon,estimated-genetrees/2X-200-500,R18,0.0294,0.870,247.922,15.360,0
astral,37-taxon,estimated-genetrees/2X-200-500,R18,0.0294,1.887,330.055,107.520,0
aster,37-taxon,estimated-genetrees/2X-200-500,R18,0.0294,0.550,23.016,15.360,0
treeqmc,37-taxon,estimated-genetrees/2X-200-500,R18,0.0294,0.867,9.898,15.360,0
tmc,37-taxon,estimated-genetrees/2X-200-500,R18,0.2353,5.951,82.828,15.360,0
supertriplets,37-taxon,estimated-genetrees/2X-200-500,R18,0.1176,0.596,205.324,15.360,0
stelar,37-taxon,estimated-genetrees/1X-200-500,R10,0.0588,0.607,200.184,107.520,0
wqfmtree,37-taxon,estimated-genetrees/1X-200-500,R10,0.0294,0.820,281.570,15.360,0
astral,37-taxon,estimated-genetrees/1X-200-500,R10,0.0294,2.018,368.797,105.472,0
aster,37-taxon,estimated-genetrees/1X-200-500,R10,0.0294,0.602,22.977,15.360,0
treeqmc,37-taxon,estimated-genetrees/1X-200-500,R10,0.0294,1.098,9.723,15.360,0
tmc,37-taxon,estimated-genetrees/1X-200-500,R10,0.1176,6.354,82.762,15.360,0
supertriplets,37-taxon,estimated-genetrees/1X-200-500,R10,0.1176,0.610,210.711,15.360,0
stelar,37-taxon,estimated-genetrees/1X-200-500,R14,0.0294,0.683,201.789,105.472,0
wqfmtree,37-taxon,estimated-genetrees/1X-200-500,R14,0.0000,0.814,244.051,15.360,0
astral,37-taxon,estimated-genetrees/1X-200-500,R14,0.0294,2.025,337.824,105.472,0
aster,37-taxon,estimated-genetrees/1X-200-500,R14,0.0294,0.589,23.926,15.360,0
treeqmc,37-taxon,estimated-genetrees/1X-200-500,R14,0.0000,1.057,9.848,15.360,0
tmc,37-taxon,estimated-genetrees/1X-200-500,R14,0.1471,6.193,82.750,15.360,0
supertriplets,37-taxon,estimated-genetrees/1X-200-500,R14,0.1618,0.631,208.363,15.360,0
stelar,37-taxon,estimated-genetrees/1X-200-500,R7,0.0294,0.586,203.148,105.472,0
wqfmtree,37-taxon,estimated-genetrees/1X-200-500,R7,0.0294,0.749,240.414,15.360,0
astral,37-taxon,estimated-genetrees/1X-200-500,R7,0.0588,2.017,338.199,105.472,0
aster,37-taxon,estimated-genetrees/1X-200-500,R7,0.0588,0.638,24.035,15.360,0
treeqmc,37-taxon,estimated-genetrees/1X-200-500,R7,0.0294,1.039,9.895,15.360,0
tmc,37-taxon,estimated-genetrees/1X-200-500,R7,0.2353,6.146,82.703,15.360,0
supertriplets,37-taxon,estimated-genetrees/1X-200-500,R7,0.1176,0.600,213.578,15.360,0
stelar,37-taxon,estimated-genetrees/1X-200-500,R6,0.0294,0.594,200.676,102.400,0
wqfmtree,37-taxon,estimated-genetrees/1X-200-500,R6,0.0882,0.830,250.582,15.360,0
astral,37-taxon,estimated-genetrees/1X-200-500,R6,0.0882,1.966,351.668,105.472,0
aster,37-taxon,estimated-genetrees/1X-200-500,R6,0.0882,0.594,22.828,15.360,0
treeqmc,37-taxon,estimated-genetrees/1X-200-500,R6,0.0882,1.070,9.848,15.360,0
tmc,37-taxon,estimated-genetrees/1X-200-500,R6,0.2353,6.276,82.289,15.360,0
supertriplets,37-taxon,estimated-genetrees/1X-200-500,R6,0.1324,0.627,203.715,15.360,0
stelar,37-taxon,estimated-genetrees/1X-200-500,R12,0.0294,0.612,200.336,105.472,0
wqfmtree,37-taxon,estimated-genetrees/1X-200-500,R12,0.0294,0.802,276.504,15.360,0
astral,37-taxon,estimated-genetrees/1X-200-500,R12,0.0294,1.980,351.645,105.472,0
aster,37-taxon,estimated-genetrees/1X-200-500,R12,0.0294,0.617,22.887,15.360,0
treeqmc,37-taxon,estimated-genetrees/1X-200-500,R12,0.0294,1.062,9.691,15.360,0
tmc,37-taxon,estimated-genetrees/1X-200-500,R12,0.2353,6.543,82.613,15.360,0
supertriplets,37-taxon,estimated-genetrees/1X-200-500,R12,0.1324,0.598,207.859,15.360,0
stelar,37-taxon,estimated-genetrees/1X-200-500,R17,0.0588,0.586,199.766,107.520,0
wqfmtree,37-taxon,estimated-genetrees/1X-200-500,R17,0.0294,0.784,274.617,15.360,0
astral,37-taxon,estimated-genetrees/1X-200-500,R17,0.0588,2.008,354.973,105.472,0
aster,37-taxon,estimated-genetrees/1X-200-500,R17,0.0588,0.646,23.168,15.360,0
treeqmc,37-taxon,estimated-genetrees/1X-200-500,R17,0.0294,1.074,9.492,15.360,0
tmc,37-taxon,estimated-genetrees/1X-200-500,R17,0.2059,6.390,82.230,15.360,0
supertriplets,37-taxon,estimated-genetrees/1X-200-500,R17,0.1176,0.600,202.891,15.360,0
stelar,37-taxon,estimated-genetrees/1X-200-500,R13,0.0882,0.632,202.105,105.472,0
wqfmtree,37-taxon,estimated-genetrees/1X-200-500,R13,0.0882,0.792,245.164,15.360,0
astral,37-taxon,estimated-genetrees/1X-200-500,R13,0.0588,2.017,369.211,105.472,0
aster,37-taxon,estimated-genetrees/1X-200-500,R13,0.0588,0.612,23.176,15.360,0
treeqmc,37-taxon,estimated-genetrees/1X-200-500,R13,0.0882,1.073,9.930,15.360,0
tmc,37-taxon,estimated-genetrees/1X-200-500,R13,0.2647,6.233,82.758,15.360,0
supertriplets,37-taxon,estimated-genetrees/1X-200-500,R13,0.1176,0.600,207.617,15.360,0
stelar,37-taxon,estimated-genetrees/1X-200-500,R2,0.0294,0.582,205.797,107.520,0
wqfmtree,37-taxon,estimated-genetrees/1X-200-500,R2,0.0294,0.789,251.438,15.360,0
astral,37-taxon,estimated-genetrees/1X-200-500,R2,0.0294,1.980,352.336,105.472,0
aster,37-taxon,estimated-genetrees/1X-200-500,R2,0.0294,0.637,22.918,15.360,0
treeqmc,37-taxon,estimated-genetrees/1X-200-500,R2,0.0294,1.067,9.660,15.360,0
tmc,37-taxon,estimated-genetrees/1X-200-500,R2,0.2353,5.827,82.742,15.360,0
supertriplets,37-taxon,estimated-genetrees/1X-200-500,R2,0.1471,0.609,216.734,15.360,0
stelar,37-taxon,estimated-genetrees/1X-200-500,R5,0.0294,0.643,202.852,104.448,0
wqfmtree,37-taxon,estimated-genetrees/1X-200-500,R5,0.0000,0.770,276.023,15.360,0
astral,37-taxon,estimated-genetrees/1X-200-500,R5,0.0000,2.239,455.793,105.472,0
aster,37-taxon,estimated-genetrees/1X-200-500,R5,0.0000,0.629,23.332,15.360,0
treeqmc,37-taxon,estimated-genetrees/1X-200-500,R5,0.0000,1.074,9.559,15.360,0
tmc,37-taxon,estimated-genetrees/1X-200-500,R5,0.1765,6.191,82.641,15.360,0
supertriplets,37-taxon,estimated-genetrees/1X-200-500,R5,0.1471,0.595,206.773,15.360,0
stelar,37-taxon,estimated-genetrees/1X-200-500,R16,0.0294,0.630,202.105,105.472,0
wqfmtree,37-taxon,estimated-genetrees/1X-200-500,R16,0.0294,0.804,254.426,15.360,0
astral,37-taxon,estimated-genetrees/1X-200-500,R16,0.0294,2.042,347.891,105.472,0
aster,37-taxon,estimated-genetrees/1X-200-500,R16,0.0294,0.551,22.777,15.360,0
treeqmc,37-taxon,estimated-genetrees/1X-200-500,R16,0.0294,1.078,9.617,15.360,0
tmc,37-taxon,estimated-genetrees/1X-200-500,R16,0.1765,6.399,82.367,15.360,0
supertriplets,37-taxon,estimated-genetrees/1X-200-500,R16,0.1324,0.653,210.191,15.360,0
stelar,37-taxon,estimated-genetrees/1X-200-500,R1,0.0294,2.250,202.645,105.472,0
wqfmtree,37-taxon,estimated-genetrees/1X-200-500,R1,0.0294,0.870,258.742,15.360,0
astral,37-taxon,estimated-genetrees/1X-200-500,R1,0.0294,2.241,419.859,105.472,0
aster,37-taxon,estimated-genetrees/1X-200-500,R1,0.0294,0.620,23.020,15.360,0
treeqmc,37-taxon,estimated-genetrees/1X-200-500,R1,0.0294,1.064,9.934,15.360,0
tmc,37-taxon,estimated-genetrees/1X-200-500,R1,0.1765,6.607,82.492,15.360,0
supertriplets,37-taxon,estimated-genetrees/1X-200-500,R1,0.1324,0.624,214.090,15.360,0
stelar,37-taxon,estimated-genetrees/1X-200-500,R9,0.0588,0.638,200.926,105.472,0
wqfmtree,37-taxon,estimated-genetrees/1X-200-500,R9,0.0294,0.811,248.961,15.360,0
astral,37-taxon,estimated-genetrees/1X-200-500,R9,0.0588,2.017,350.555,105.472,0
aster,37-taxon,estimated-genetrees/1X-200-500,R9,0.0588,0.609,23.070,15.360,0
treeqmc,37-taxon,estimated-genetrees/1X-200-500,R9,0.0294,1.071,9.785,15.360,0
tmc,37-taxon,estimated-genetrees/1X-200-500,R9,0.2059,6.088,82.605,15.360,0
supertriplets,37-taxon,estimated-genetrees/1X-200-500,R9,0.1176,0.619,207.172,15.360,0
stelar,37-taxon,estimated-genetrees/1X-200-500,R15,0.1176,0.583,200.469,102.400,0
wqfmtree,37-taxon,estimated-genetrees/1X-200-500,R15,0.0882,0.828,251.031,15.360,0
astral,37-taxon,estimated-genetrees/1X-200-500,R15,0.1176,2.015,369.719,105.472,0
aster,37-taxon,estimated-genetrees/1X-200-500,R15,0.1176,0.625,23.176,15.360,0
treeqmc,37-taxon,estimated-genetrees/1X-200-500,R15,0.0882,1.060,9.707,15.360,0
tmc,37-taxon,estimated-genetrees/1X-200-500,R15,0.2353,6.335,82.664,15.360,0
supertriplets,37-taxon,estimated-genetrees/1X-200-500,R15,0.1324,0.614,207.152,15.360,0
stelar,37-taxon,estimated-genetrees/1X-200-500,R3,0.0294,0.566,203.164,102.400,0
wqfmtree,37-taxon,estimated-genetrees/1X-200-500,R3,0.0294,0.827,247.711,15.360,0
astral,37-taxon,estimated-genetrees/1X-200-500,R3,0.0294,1.955,357.648,105.472,0
aster,37-taxon,estimated-genetrees/1X-200-500,R3,0.0294,0.584,23.086,15.360,0
treeqmc,37-taxon,estimated-genetrees/1X-200-500,R3,0.0294,1.076,9.672,15.360,0
tmc,37-taxon,estimated-genetrees/1X-200-500,R3,0.2647,6.428,82.703,15.360,0
supertriplets,37-taxon,estimated-genetrees/1X-200-500,R3,0.1324,0.633,206.215,15.360,0
stelar,37-taxon,estimated-genetrees/1X-200-500,R20,0.0588,0.608,201.105,105.472,0
wqfmtree,37-taxon,estimated-genetrees/1X-200-500,R20,0.0882,0.795,265.980,15.360,0
astral,37-taxon,estimated-genetrees/1X-200-500,R20,0.0882,1.998,348.617,105.472,0
aster,37-taxon,estimated-genetrees/1X-200-500,R20,0.0882,0.792,22.973,15.360,0
treeqmc,37-taxon,estimated-genetrees/1X-200-500,R20,0.0882,1.082,9.680,15.360,0
tmc,37-taxon,estimated-genetrees/1X-200-500,R20,0.2353,6.478,82.328,15.360,0
supertriplets,37-taxon,estimated-genetrees/1X-200-500,R20,0.1324,0.652,214.574,15.360,0
stelar,37-taxon,estimated-genetrees/1X-200-500,R4,0.0000,0.591,200.305,102.400,0
wqfmtree,37-taxon,estimated-genetrees/1X-200-500,R4,0.0000,0.890,294.055,15.360,0
astral,37-taxon,estimated-genetrees/1X-200-500,R4,0.0000,2.180,360.656,105.472,0
aster,37-taxon,estimated-genetrees/1X-200-500,R4,0.0000,0.607,23.012,15.360,0
treeqmc,37-taxon,estimated-genetrees/1X-200-500,R4,0.0000,1.061,9.680,15.360,0
tmc,37-taxon,estimated-genetrees/1X-200-500,R4,0.2059,6.518,82.461,15.360,0
supertriplets,37-taxon,estimated-genetrees/1X-200-500,R4,0.1029,0.629,203.836,15.360,0
stelar,37-taxon,estimated-genetrees/1X-200-500,R19,0.0294,0.624,200.461,104.448,0
wqfmtree,37-taxon,estimated-genetrees/1X-200-500,R19,0.0294,0.949,246.609,15.360,0
astral,37-taxon,estimated-genetrees/1X-200-500,R19,0.0294,2.042,361.383,105.472,0
aster,37-taxon,estimated-genetrees/1X-200-500,R19,0.0294,0.579,23.172,15.360,0
treeqmc,37-taxon,estimated-genetrees/1X-200-500,R19,0.0294,1.063,9.828,15.360,0
tmc,37-taxon,estimated-genetrees/1X-200-500,R19,0.1765,5.809,82.730,15.360,0
supertriplets,37-taxon,estimated-genetrees/1X-200-500,R19,0.1471,0.601,205.207,15.360,0
stelar,37-taxon,estimated-genetrees/1X-200-500,R8,0.0000,0.622,200.895,105.472,0
wqfmtree,37-taxon,estimated-genetrees/1X-200-500,R8,0.0294,0.790,250.762,15.360,0
astral,37-taxon,estimated-genetrees/1X-200-500,R8,0.0000,2.006,380.977,105.472,0
aster,37-taxon,estimated-genetrees/1X-200-500,R8,0.0000,0.556,23.293,15.360,0
treeqmc,37-taxon,estimated-genetrees/1X-200-500,R8,0.0294,1.076,9.664,15.360,0
tmc,37-taxon,estimated-genetrees/1X-200-500,R8,0.1765,6.146,82.480,15.360,0
supertriplets,37-taxon,estimated-genetrees/1X-200-500,R8,0.1471,0.612,207.602,15.360,0
stelar,37-taxon,estimated-genetrees/1X-200-500,R11,0.0000,0.629,205.000,105.472,0
wqfmtree,37-taxon,estimated-genetrees/1X-200-500,R11,0.0000,0.782,248.355,15.360,0
astral,37-taxon,estimated-genetrees/1X-200-500,R11,0.0000,2.047,346.668,105.472,0
aster,37-taxon,estimated-genetrees/1X-200-500,R11,0.0000,0.643,23.102,15.360,0
treeqmc,37-taxon,estimated-genetrees/1X-200-500,R11,0.0000,1.049,9.895,15.360,0
tmc,37-taxon,estimated-genetrees/1X-200-500,R11,0.2353,6.511,82.633,15.360,0
supertriplets,37-taxon,estimated-genetrees/1X-200-500,R11,0.1324,0.599,205.410,15.360,0
stelar,37-taxon,estimated-genetrees/1X-200-500,R18,0.0000,0.614,204.223,105.472,0
wqfmtree,37-taxon,estimated-genetrees/1X-200-500,R18,0.0000,0.844,284.418,15.360,0
astral,37-taxon,estimated-genetrees/1X-200-500,R18,0.0000,1.950,338.598,105.472,0
aster,37-taxon,estimated-genetrees/1X-200-500,R18,0.0000,0.628,23.004,15.360,0
treeqmc,37-taxon,estimated-genetrees/1X-200-500,R18,0.0000,1.062,9.867,15.360,0
tmc,37-taxon,estimated-genetrees/1X-200-500,R18,0.1471,6.482,82.480,15.360,0
supertriplets,37-taxon,estimated-genetrees/1X-200-500,R18,0.1471,0.629,212.566,15.360,0
stelar,37-taxon,estimated-genetrees/1X-200-1000,R10,0.0294,0.592,199.168,105.472,0
wqfmtree,37-taxon,estimated-genetrees/1X-200-1000,R10,0.0294,0.751,247.426,15.360,0
astral,37-taxon,estimated-genetrees/1X-200-1000,R10,0.0294,1.949,367.375,105.472,0
aster,37-taxon,estimated-genetrees/1X-200-1000,R10,0.0294,0.668,22.977,15.360,0
treeqmc,37-taxon,estimated-genetrees/1X-200-1000,R10,0.0294,1.077,9.828,15.360,0
tmc,37-taxon,estimated-genetrees/1X-200-1000,R10,0.1471,6.479,82.414,15.360,0
supertriplets,37-taxon,estimated-genetrees/1X-200-1000,R10,0.1029,0.583,212.656,15.360,0
stelar,37-taxon,estimated-genetrees/1X-200-1000,R14,0.0294,0.596,200.379,105.472,0
wqfmtree,37-taxon,estimated-genetrees/1X-200-1000,R14,0.0294,0.879,250.816,15.360,0
astral,37-taxon,estimated-genetrees/1X-200-1000,R14,0.0294,1.954,322.754,105.472,0
aster,37-taxon,estimated-genetrees/1X-200-1000,R14,0.0294,0.619,22.918,15.360,0
treeqmc,37-taxon,estimated-genetrees/1X-200-1000,R14,0.0294,1.060,9.914,15.360,0
tmc,37-taxon,estimated-genetrees/1X-200-1000,R14,0.1765,6.396,82.676,15.360,0
supertriplets,37-taxon,estimated-genetrees/1X-200-1000,R14,0.1176,0.621,208.031,15.360,0
stelar,37-taxon,estimated-genetrees/1X-200-1000,R7,0.0588,0.572,203.117,105.472,0
wqfmtree,37-taxon,estimated-genetrees/1X-200-1000,R7,0.0294,0.789,251.586,15.360,0
astral,37-taxon,estimated-genetrees/1X-200-1000,R7,0.0588,1.929,349.727,105.472,0
aster,37-taxon,estimated-genetrees/1X-200-1000,R7,0.0588,0.615,23.230,15.360,0
treeqmc,37-taxon,estimated-genetrees/1X-200-1000,R7,0.0294,1.288,9.641,15.360,0
tmc,37-taxon,estimated-genetrees/1X-200-1000,R7,0.2059,7.202,82.699,15.360,0
supertriplets,37-taxon,estimated-genetrees/1X-200-1000,R7,0.0882,0.597,205.289,15.360,0
stelar,37-taxon,estimated-genetrees/1X-200-1000,R6,0.0294,0.588,201.430,105.472,0
wqfmtree,37-taxon,estimated-genetrees/1X-200-1000,R6,0.0000,0.786,253.703,15.360,0
astral,37-taxon,estimated-genetrees/1X-200-1000,R6,0.0000,1.905,328.578,105.472,0
aster,37-taxon,estimated-genetrees/1X-200-1000,R6,0.0000,0.601,22.992,15.360,0
treeqmc,37-taxon,estimated-genetrees/1X-200-1000,R6,0.0000,1.057,9.832,15.360,0
tmc,37-taxon,estimated-genetrees/1X-200-1000,R6,0.2059,6.629,82.590,15.360,0
supertriplets,37-taxon,estimated-genetrees/1X-200-1000,R6,0.1029,0.643,211.742,15.360,0
stelar,37-taxon,estimated-genetrees/1X-200-1000,R12,0.0294,0.593,201.516,105.472,0
wqfmtree,37-taxon,estimated-genetrees/1X-200-1000,R12,0.0294,0.880,245.918,15.360,0
astral,37-taxon,estimated-genetrees/1X-200-1000,R12,0.0294,1.959,333.961,105.472,0
aster,37-taxon,estimated-genetrees/1X-200-1000,R12,0.0294,0.581,22.887,15.360,0
treeqmc,37-taxon,estimated-genetrees/1X-200-1000,R12,0.0294,1.055,9.660,15.360,0
tmc,37-taxon,estimated-genetrees/1X-200-1000,R12,0.1765,6.563,82.344,15.360,0
supertriplets,37-taxon,estimated-genetrees/1X-200-1000,R12,0.1176,0.606,206.957,15.360,0
stelar,37-taxon,estimated-genetrees/1X-200-1000,R17,0.0294,0.615,197.480,105.472,0
wqfmtree,37-taxon,estimated-genetrees/1X-200-1000,R17,0.0294,0.871,241.082,15.360,0
astral,37-taxon,estimated-genetrees/1X-200-1000,R17,0.0294,2.049,349.480,105.472,0
aster,37-taxon,estimated-genetrees/1X-200-1000,R17,0.0294,0.600,23.770,15.360,0
treeqmc,37-taxon,estimated-genetrees/1X-200-1000,R17,0.0294,1.070,9.598,15.360,0
tmc,37-taxon,estimated-genetrees/1X-200-1000,R17,0.2059,6.611,82.355,15.360,0
supertriplets,37-taxon,estimated-genetrees/1X-200-1000,R17,0.1029,0.614,216.285,15.360,0
stelar,37-taxon,estimated-genetrees/1X-200-1000,R13,0.0588,0.530,200.715,56.320,0
wqfmtree,37-taxon,estimated-genetrees/1X-200-1000,R13,0.0588,0.793,244.805,15.360,0
astral,37-taxon,estimated-genetrees/1X-200-1000,R13,0.0588,2.039,320.422,105.472,0
aster,37-taxon,estimated-genetrees/1X-200-1000,R13,0.0588,0.631,23.121,15.360,0
treeqmc,37-taxon,estimated-genetrees/1X-200-1000,R13,0.0588,1.068,9.855,15.360,0
tmc,37-taxon,estimated-genetrees/1X-200-1000,R13,0.1176,6.111,82.703,15.360,0
supertriplets,37-taxon,estimated-genetrees/1X-200-1000,R13,0.0882,0.587,211.273,15.360,0
stelar,37-taxon,estimated-genetrees/1X-200-1000,R2,0.0000,0.552,200.504,105.472,0
wqfmtree,37-taxon,estimated-genetrees/1X-200-1000,R2,0.0000,0.768,245.625,15.360,0
astral,37-taxon,estimated-genetrees/1X-200-1000,R2,0.0000,1.965,331.832,105.472,0
aster,37-taxon,estimated-genetrees/1X-200-1000,R2,0.0000,0.732,23.090,15.360,0
treeqmc,37-taxon,estimated-genetrees/1X-200-1000,R2,0.0000,1.064,9.805,15.360,0
tmc,37-taxon,estimated-genetrees/1X-200-1000,R2,0.1471,6.391,82.301,15.360,0
supertriplets,37-taxon,estimated-genetrees/1X-200-1000,R2,0.1176,0.605,205.719,15.360,0
stelar,37-taxon,estimated-genetrees/1X-200-1000,R5,0.0588,0.588,197.641,105.472,0
wqfmtree,37-taxon,estimated-genetrees/1X-200-1000,R5,0.0588,0.837,252.801,15.360,0
astral,37-taxon,estimated-genetrees/1X-200-1000,R5,0.0588,1.934,345.113,105.472,0
aster,37-taxon,estimated-genetrees/1X-200-1000,R5,0.0588,0.635,22.910,15.360,0
treeqmc,37-taxon,estimated-genetrees/1X-200-1000,R5,0.0588,1.055,9.848,15.360,0
tmc,37-taxon,estimated-genetrees/1X-200-1000,R5,0.2353,6.391,82.453,15.360,0
supertriplets,37-taxon,estimated-genetrees/1X-200-1000,R5,0.1029,0.611,210.184,15.360,0
stelar,37-taxon,estimated-genetrees/1X-200-1000,R16,0.0588,0.660,198.621,105.472,0
wqfmtree,37-taxon,estimated-genetrees/1X-200-1000,R16,0.0294,0.834,245.645,15.360,0
astral,37-taxon,estimated-genetrees/1X-200-1000,R16,0.0294,2.016,361.203,105.472,0
aster,37-taxon,estimated-genetrees/1X-200-1000,R16,0.0294,0.657,22.816,15.360,0
treeqmc,37-taxon,estimated-genetrees/1X-200-1000,R16,0.0294,1.070,9.566,15.360,0
tmc,37-taxon,estimated-genetrees/1X-200-1000,R16,0.1765,5.897,82.578,15.360,0
supertriplets,37-taxon,estimated-genetrees/1X-200-1000,R16,0.0882,0.616,204.590,15.360,0
stelar,37-taxon,estimated-genetrees/1X-200-1000,R1,0.0000,0.584,200.047,105.472,0
wqfmtree,37-taxon,estimated-genetrees/1X-200-1000,R1,0.0000,0.873,252.941,15.360,0
astral,37-taxon,estimated-genetrees/1X-200-1000,R1,0.0000,2.035,322.352,105.472,0
aster,37-taxon,estimated-genetrees/1X-200-1000,R1,0.0000,0.679,23.105,15.360,0
treeqmc,37-taxon,estimated-genetrees/1X-200-1000,R1,0.0000,1.067,9.746,15.360,0
tmc,37-taxon,estimated-genetrees/1X-200-1000,R1,0.2647,6.409,82.105,15.360,0
supertriplets,37-taxon,estimated-genetrees/1X-200-1000,R1,0.1176,0.621,208.355,15.360,0
stelar,37-taxon,estimated-genetrees/1X-200-1000,R9,0.0294,0.599,197.496,102.400,0
wqfmtree,37-taxon,estimated-genetrees/1X-200-1000,R9,0.0000,0.791,250.340,15.360,0
astral,37-taxon,estimated-genetrees/1X-200-1000,R9,0.0294,1.955,338.754,105.472,0
aster,37-taxon,estimated-genetrees/1X-200-1000,R9,0.0294,0.695,22.953,15.360,0
treeqmc,37-taxon,estimated-genetrees/1X-200-1000,R9,0.0000,1.052,9.828,15.360,0
tmc,37-taxon,estimated-genetrees/1X-200-1000,R9,0.2353,6.416,82.578,15.360,0
supertriplets,37-taxon,estimated-genetrees/1X-200-1000,R9,0.1029,0.639,213.625,15.360,0
stelar,37-taxon,estimated-genetrees/1X-200-1000,R15,0.0588,0.605,197.543,105.472,0
wqfmtree,37-taxon,estimated-genetrees/1X-200-1000,R15,0.0294,0.853,245.410,15.360,0
astral,37-taxon,estimated-genetrees/1X-200-1000,R15,0.0294,2.044,360.297,105.472,0
aster,37-taxon,estimated-genetrees/1X-200-1000,R15,0.0294,0.562,22.910,15.360,0
treeqmc,37-taxon,estimated-genetrees/1X-200-1000,R15,0.0294,1.062,9.617,15.360,0
tmc,37-taxon,estimated-genetrees/1X-200-1000,R15,0.2647,6.512,82.664,15.360,0
supertriplets,37-taxon,estimated-genetrees/1X-200-1000,R15,0.1029,0.607,211.875,15.360,0
stelar,37-taxon,estimated-genetrees/1X-200-1000,R3,0.0000,0.571,199.266,105.472,0
wqfmtree,37-taxon,estimated-genetrees/1X-200-1000,R3,0.0000,0.768,250.141,15.360,0
astral,37-taxon,estimated-genetrees/1X-200-1000,R3,0.0000,2.025,347.922,105.472,0
aster,37-taxon,estimated-genetrees/1X-200-1000,R3,0.0000,0.687,22.969,15.360,0
treeqmc,37-taxon,estimated-genetrees/1X-200-1000,R3,0.0000,1.049,9.930,15.360,0
tmc,37-taxon,estimated-genetrees/1X-200-1000,R3,0.1765,6.302,82.953,15.360,0
supertriplets,37-taxon,estimated-genetrees/1X-200-1000,R3,0.1324,0.632,214.523,15.360,0
stelar,37-taxon,estimated-genetrees/1X-200-1000,R20,0.0294,0.624,206.277,105.472,0
wqfmtree,37-taxon,estimated-genetrees/1X-200-1000,R20,0.0294,0.744,249.688,15.360,0
astral,37-taxon,estimated-genetrees/1X-200-1000,R20,0.0294,2.082,347.145,105.472,0
aster,37-taxon,estimated-genetrees/1X-200-1000,R20,0.0294,0.580,23.012,15.360,0
treeqmc,37-taxon,estimated-genetrees/1X-200-1000,R20,0.0294,1.091,9.598,15.360,0
tmc,37-taxon,estimated-genetrees/1X-200-1000,R20,0.2353,5.935,82.742,15.360,0
supertriplets,37-taxon,estimated-genetrees/1X-200-1000,R20,0.1176,0.596,205.711,15.360,0
stelar,37-taxon,estimated-genetrees/1X-200-1000,R4,0.0000,0.538,197.516,105.472,0
wqfmtree,37-taxon,estimated-genetrees/1X-200-1000,R4,0.0000,0.831,249.781,15.360,0
astral,37-taxon,estimated-genetrees/1X-200-1000,R4,0.0000,1.942,344.320,105.472,0
aster,37-taxon,estimated-genetrees/1X-200-1000,R4,0.0000,0.745,23.188,15.360,0
treeqmc,37-taxon,estimated-genetrees/1X-200-1000,R4,0.0000,1.055,9.586,15.360,0
tmc,37-taxon,estimated-genetrees/1X-200-1000,R4,0.2059,6.359,82.367,15.360,0
supertriplets,37-taxon,estimated-genetrees/1X-200-1000,R4,0.1029,0.614,213.637,15.360,0
stelar,37-taxon,estimated-genetrees/1X-200-1000,R19,0.0000,0.599,197.480,102.400,0
wqfmtree,37-taxon,estimated-genetrees/1X-200-1000,R19,0.0000,0.743,250.859,15.360,0
astral,37-taxon,estimated-genetrees/1X-200-1000,R19,0.0000,2.004,328.508,105.472,0
aster,37-taxon,estimated-genetrees/1X-200-1000,R19,0.0000,0.650,22.855,15.360,0
treeqmc,37-taxon,estimated-genetrees/1X-200-1000,R19,0.0000,1.095,9.613,15.360,0
tmc,37-taxon,estimated-genetrees/1X-200-1000,R19,0.1765,6.316,82.211,15.360,0
supertriplets,37-taxon,estimated-genetrees/1X-200-1000,R19,0.1471,0.605,205.344,15.360,0
stelar,37-taxon,estimated-genetrees/1X-200-1000,R8,0.0294,0.569,199.102,105.472,0
wqfmtree,37-taxon,estimated-genetrees/1X-200-1000,R8,0.0294,0.843,237.375,15.360,0
astral,37-taxon,estimated-genetrees/1X-200-1000,R8,0.0294,1.915,362.184,105.472,0
aster,37-taxon,estimated-genetrees/1X-200-1000,R8,0.0294,0.699,23.086,15.360,0
treeqmc,37-taxon,estimated-genetrees/1X-200-1000,R8,0.0294,1.059,9.867,15.360,0
tmc,37-taxon,estimated-genetrees/1X-200-1000,R8,0.1765,6.307,82.605,15.360,0
supertriplets,37-taxon,estimated-genetrees/1X-200-1000,R8,0.1029,0.619,203.992,15.360,0
stelar,37-taxon,estimated-genetrees/1X-200-1000,R11,0.0000,0.639,198.191,105.472,0
wqfmtree,37-taxon,estimated-genetrees/1X-200-1000,R11,0.0000,0.830,247.816,15.360,0
astral,37-taxon,estimated-genetrees/1X-200-1000,R11,0.0000,1.971,325.098,105.472,0
aster,37-taxon,estimated-genetrees/1X-200-1000,R11,0.0000,0.579,23.027,15.360,0
treeqmc,37-taxon,estimated-genetrees/1X-200-1000,R11,0.0000,1.051,9.930,15.360,0
tmc,37-taxon,estimated-genetrees/1X-200-1000,R11,0.2059,6.324,82.766,15.360,0
supertriplets,37-taxon,estimated-genetrees/1X-200-1000,R11,0.0882,0.609,206.832,15.360,0
stelar,37-taxon,estimated-genetrees/1X-200-1000,R18,0.0000,0.614,201.629,105.472,0
wqfmtree,37-taxon,estimated-genetrees/1X-200-1000,R18,0.0000,0.823,247.980,15.360,0
astral,37-taxon,estimated-genetrees/1X-200-1000,R18,0.0000,2.090,348.891,105.472,0
aster,37-taxon,estimated-genetrees/1X-200-1000,R18,0.0000,0.606,22.949,15.360,0
treeqmc,37-taxon,estimated-genetrees/1X-200-1000,R18,0.0000,1.090,9.668,15.360,0
tmc,37-taxon,estimated-genetrees/1X-200-1000,R18,0.1471,7.159,82.703,15.360,0
supertriplets,37-taxon,estimated-genetrees/1X-200-1000,R18,0.1029,0.619,208.926,15.360,0
stelar,37-taxon,true-genetrees/1X-200-true,R10,0.0294,0.521,225.875,32.768,0
astral,37-taxon,true-genetrees/1X-200-true,R10,0.0294,1.862,325.961,107.520,0
aster,37-taxon,true-genetrees/1X-200-true,R10,0.0294,0.639,24.113,15.360,0
treeqmc,37-taxon,true-genetrees/1X-200-true,R10,0.0294,0.880,9.859,15.360,0
tmc,37-taxon,true-genetrees/1X-200-true,R10,0.1176,6.572,81.203,15.360,0
supertriplets,37-taxon,true-genetrees/1X-200-true,R10,37,0.136,51.930,15.360,0
stelar,37-taxon,true-genetrees/1X-200-true,R14,0.0294,0.486,231.391,41.984,0
astral,37-taxon,true-genetrees/1X-200-true,R14,0.0294,1.761,332.930,107.520,0
aster,37-taxon,true-genetrees/1X-200-true,R14,0.0294,0.775,23.094,15.360,0
treeqmc,37-taxon,true-genetrees/1X-200-true,R14,0.0000,0.865,9.895,15.360,0
tmc,37-taxon,true-genetrees/1X-200-true,R14,0.1176,5.947,81.227,15.360,0
supertriplets,37-taxon,true-genetrees/1X-200-true,R14,37,0.144,53.930,15.360,0
stelar,37-taxon,true-genetrees/1X-200-true,R7,0.0588,0.558,218.859,104.448,0
astral,37-taxon,true-genetrees/1X-200-true,R7,0.0294,1.843,316.820,107.520,0
aster,37-taxon,true-genetrees/1X-200-true,R7,0.0294,0.650,23.137,15.360,0
treeqmc,37-taxon,true-genetrees/1X-200-true,R7,0.0294,0.869,9.867,15.360,0
tmc,37-taxon,true-genetrees/1X-200-true,R7,0.2059,6.195,81.289,15.360,0
supertriplets,37-taxon,true-genetrees/1X-200-true,R7,37,0.115,54.387,15.360,0
stelar,37-taxon,true-genetrees/1X-200-true,R6,0.0000,0.549,219.145,104.448,0
astral,37-taxon,true-genetrees/1X-200-true,R6,0.0000,1.777,326.594,107.520,0
aster,37-taxon,true-genetrees/1X-200-true,R6,0.0000,0.613,23.020,15.360,0
treeqmc,37-taxon,true-genetrees/1X-200-true,R6,0.0294,0.884,9.848,15.360,0
tmc,37-taxon,true-genetrees/1X-200-true,R6,0.1471,5.818,81.289,15.360,0
supertriplets,37-taxon,true-genetrees/1X-200-true,R6,37,0.125,54.152,15.360,0
stelar,37-taxon,true-genetrees/1X-200-true,R12,0.0294,0.488,218.945,44.032,0
astral,37-taxon,true-genetrees/1X-200-true,R12,0.0294,1.810,333.000,107.520,0
aster,37-taxon,true-genetrees/1X-200-true,R12,0.0294,0.653,23.941,15.360,0
treeqmc,37-taxon,true-genetrees/1X-200-true,R12,0.0000,0.867,9.793,15.360,0
tmc,37-taxon,true-genetrees/1X-200-true,R12,0.1471,6.311,81.105,15.360,0
supertriplets,37-taxon,true-genetrees/1X-200-true,R12,37,0.133,53.828,15.360,0
stelar,37-taxon,true-genetrees/1X-200-true,R17,0.0000,0.506,229.832,32.768,0
astral,37-taxon,true-genetrees/1X-200-true,R17,0.0000,1.828,325.379,107.520,0
aster,37-taxon,true-genetrees/1X-200-true,R17,0.0000,0.657,23.160,15.360,0
treeqmc,37-taxon,true-genetrees/1X-200-true,R17,0.0000,0.856,9.871,15.360,0
tmc,37-taxon,true-genetrees/1X-200-true,R17,0.0882,6.500,81.262,15.360,0
supertriplets,37-taxon,true-genetrees/1X-200-true,R17,37,0.132,53.684,15.360,0
stelar,37-taxon,true-genetrees/1X-200-true,R13,0.0588,0.473,215.609,107.520,0
astral,37-taxon,true-genetrees/1X-200-true,R13,0.0588,1.854,315.688,107.520,0
aster,37-taxon,true-genetrees/1X-200-true,R13,0.0588,0.590,23.969,15.360,0
treeqmc,37-taxon,true-genetrees/1X-200-true,R13,0.0294,0.871,9.895,15.360,0
tmc,37-taxon,true-genetrees/1X-200-true,R13,0.2353,5.882,81.203,15.360,0
supertriplets,37-taxon,true-genetrees/1X-200-true,R13,37,0.131,53.145,15.360,0
stelar,37-taxon,true-genetrees/1X-200-true,R2,0.0000,0.549,219.133,104.448,0
astral,37-taxon,true-genetrees/1X-200-true,R2,0.0000,1.795,322.648,107.520,0
aster,37-taxon,true-genetrees/1X-200-true,R2,0.0000,0.672,23.016,15.360,0
treeqmc,37-taxon,true-genetrees/1X-200-true,R2,0.0000,0.872,9.922,15.360,0
tmc,37-taxon,true-genetrees/1X-200-true,R2,0.1471,6.315,80.848,15.360,0
supertriplets,37-taxon,true-genetrees/1X-200-true,R2,37,0.135,54.891,15.360,0
stelar,37-taxon,true-genetrees/1X-200-true,R5,0.0000,0.546,232.441,104.448,0
astral,37-taxon,true-genetrees/1X-200-true,R5,0.0000,1.816,329.609,107.520,0
aster,37-taxon,true-genetrees/1X-200-true,R5,0.0000,0.702,22.828,15.360,0
treeqmc,37-taxon,true-genetrees/1X-200-true,R5,0.0000,0.864,9.707,15.360,0
tmc,37-taxon,true-genetrees/1X-200-true,R5,0.1471,6.570,81.324,15.360,0
supertriplets,37-taxon,true-genetrees/1X-200-true,R5,37,0.142,52.797,15.360,0
stelar,37-taxon,true-genetrees/1X-200-true,R16,0.0294,0.513,234.594,32.768,0
astral,37-taxon,true-genetrees/1X-200-true,R16,0.0294,1.820,330.266,107.520,0
aster,37-taxon,true-genetrees/1X-200-true,R16,0.0294,0.536,23.863,15.360,0
treeqmc,37-taxon,true-genetrees/1X-200-true,R16,0.0294,0.860,9.930,15.360,0
tmc,37-taxon,true-genetrees/1X-200-true,R16,0.1765,6.653,81.234,15.360,0
supertriplets,37-taxon,true-genetrees/1X-200-true,R16,37,0.126,53.938,15.360,0
stelar,37-taxon,true-genetrees/1X-200-true,R1,0.0294,0.514,219.836,32.768,0
astral,37-taxon,true-genetrees/1X-200-true,R1,0.0294,1.788,335.621,107.520,0
aster,37-taxon,true-genetrees/1X-200-true,R1,0.0294,0.767,23.176,15.360,0
treeqmc,37-taxon,true-genetrees/1X-200-true,R1,0.0294,0.864,9.832,15.360,0
tmc,37-taxon,true-genetrees/1X-200-true,R1,0.0882,6.141,81.074,15.360,0
supertriplets,37-taxon,true-genetrees/1X-200-true,R1,37,0.135,53.012,15.360,0
stelar,37-taxon,true-genetrees/1X-200-true,R9,0.0000,0.504,220.105,107.520,0
astral,37-taxon,true-genetrees/1X-200-true,R9,0.0000,1.797,319.391,107.520,0
aster,37-taxon,true-genetrees/1X-200-true,R9,0.0000,0.635,23.242,15.360,0
treeqmc,37-taxon,true-genetrees/1X-200-true,R9,0.0000,0.863,9.887,15.360,0
tmc,37-taxon,true-genetrees/1X-200-true,R9,0.1471,6.439,80.848,15.360,0
supertriplets,37-taxon,true-genetrees/1X-200-true,R9,37,0.136,54.926,15.360,0
stelar,37-taxon,true-genetrees/1X-200-true,R15,0.0000,0.556,218.918,104.448,0
astral,37-taxon,true-genetrees/1X-200-true,R15,0.0000,1.856,313.000,107.520,0
aster,37-taxon,true-genetrees/1X-200-true,R15,0.0000,0.640,23.004,15.360,0
treeqmc,37-taxon,true-genetrees/1X-200-true,R15,0.0000,0.867,9.895,15.360,0
tmc,37-taxon,true-genetrees/1X-200-true,R15,0.1765,6.022,81.227,15.360,0
supertriplets,37-taxon,true-genetrees/1X-200-true,R15,37,0.127,53.223,15.360,0
stelar,37-taxon,true-genetrees/1X-200-true,R3,0.0000,0.496,232.824,109.568,0
astral,37-taxon,true-genetrees/1X-200-true,R3,0.0000,1.786,339.809,107.520,0
aster,37-taxon,true-genetrees/1X-200-true,R3,0.0000,0.592,23.105,15.360,0
treeqmc,37-taxon,true-genetrees/1X-200-true,R3,0.0000,0.870,9.930,15.360,0
tmc,37-taxon,true-genetrees/1X-200-true,R3,0.0882,6.738,81.359,15.360,0
supertriplets,37-taxon,true-genetrees/1X-200-true,R3,37,0.116,53.977,15.360,0
stelar,37-taxon,true-genetrees/1X-200-true,R20,0.0294,0.502,219.988,33.792,0
astral,37-taxon,true-genetrees/1X-200-true,R20,0.0294,1.813,331.570,107.520,0
aster,37-taxon,true-genetrees/1X-200-true,R20,0.0294,0.621,23.055,15.360,0
treeqmc,37-taxon,true-genetrees/1X-200-true,R20,0.0294,0.871,9.867,15.360,0
tmc,37-taxon,true-genetrees/1X-200-true,R20,0.1471,6.491,81.480,15.360,0
supertriplets,37-taxon,true-genetrees/1X-200-true,R20,37,0.131,53.770,15.360,0
stelar,37-taxon,true-genetrees/1X-200-true,R4,0.0000,0.474,215.645,107.520,0
astral,37-taxon,true-genetrees/1X-200-true,R4,0.0000,1.839,334.133,107.520,0
aster,37-taxon,true-genetrees/1X-200-true,R4,0.0000,0.639,23.035,15.360,0
treeqmc,37-taxon,true-genetrees/1X-200-true,R4,0.0000,0.876,9.723,15.360,0
tmc,37-taxon,true-genetrees/1X-200-true,R4,0.0882,6.245,80.980,15.360,0
supertriplets,37-taxon,true-genetrees/1X-200-true,R4,37,0.119,53.531,15.360,0
stelar,37-taxon,true-genetrees/1X-200-true,R19,0.0000,0.567,228.852,104.448,0
astral,37-taxon,true-genetrees/1X-200-true,R19,0.0000,1.799,333.121,107.520,0
aster,37-taxon,true-genetrees/1X-200-true,R19,0.0000,0.615,22.965,15.360,0
treeqmc,37-taxon,true-genetrees/1X-200-true,R19,0.0000,0.871,9.895,15.360,0
tmc,37-taxon,true-genetrees/1X-200-true,R19,0.2059,6.562,80.703,15.360,0
supertriplets,37-taxon,true-genetrees/1X-200-true,R19,37,0.133,53.367,15.360,0
stelar,37-taxon,true-genetrees/1X-200-true,R8,0.0000,0.511,218.012,33.792,0
astral,37-taxon,true-genetrees/1X-200-true,R8,0.0000,1.883,375.641,107.520,0
aster,37-taxon,true-genetrees/1X-200-true,R8,0.0000,0.633,23.199,15.360,0
treeqmc,37-taxon,true-genetrees/1X-200-true,R8,0.0000,0.866,9.887,15.360,0
tmc,37-taxon,true-genetrees/1X-200-true,R8,0.1176,6.589,80.973,15.360,0
supertriplets,37-taxon,true-genetrees/1X-200-true,R8,37,0.146,52.613,15.360,0
stelar,37-taxon,true-genetrees/1X-200-true,R11,0.0000,0.546,231.910,104.448,0
astral,37-taxon,true-genetrees/1X-200-true,R11,0.0000,1.812,317.828,107.520,0
aster,37-taxon,true-genetrees/1X-200-true,R11,0.0000,0.600,22.914,15.360,0
treeqmc,37-taxon,true-genetrees/1X-200-true,R11,0.0000,0.877,9.930,15.360,0
tmc,37-taxon,true-genetrees/1X-200-true,R11,0.1176,6.176,81.125,15.360,0
supertriplets,37-taxon,true-genetrees/1X-200-true,R11,37,0.140,53.906,15.360,0
stelar,37-taxon,true-genetrees/1X-200-true,R18,0.0000,0.556,231.852,104.448,0
astral,37-taxon,true-genetrees/1X-200-true,R18,0.0000,1.849,332.910,107.520,0
aster,37-taxon,true-genetrees/1X-200-true,R18,0.0000,0.807,23.332,15.360,0
treeqmc,37-taxon,true-genetrees/1X-200-true,R18,0.0000,0.883,9.926,15.360,0
tmc,37-taxon,true-genetrees/1X-200-true,R18,0.0882,6.747,81.203,15.360,0
supertriplets,37-taxon,true-genetrees/1X-200-true,R18,37,0.133,53.223,15.360,0
stelar,37-taxon,true-genetrees/0.5X-200-true,R10,0.0000,0.514,245.652,33.792,0
astral,37-taxon,true-genetrees/0.5X-200-true,R10,0.0000,1.922,407.770,107.520,0
aster,37-taxon,true-genetrees/0.5X-200-true,R10,0.0000,0.647,22.797,15.360,0
treeqmc,37-taxon,true-genetrees/0.5X-200-true,R10,0.0000,0.878,9.785,15.360,0
tmc,37-taxon,true-genetrees/0.5X-200-true,R10,0.1471,6.547,81.480,15.360,0
supertriplets,37-taxon,true-genetrees/0.5X-200-true,R10,37,0.128,53.578,15.360,0
stelar,37-taxon,true-genetrees/0.5X-200-true,R14,0.0000,0.566,232.984,104.448,0
astral,37-taxon,true-genetrees/0.5X-200-true,R14,0.0000,1.921,400.012,107.520,0
aster,37-taxon,true-genetrees/0.5X-200-true,R14,0.0000,0.574,23.074,15.360,0
treeqmc,37-taxon,true-genetrees/0.5X-200-true,R14,0.0000,0.868,9.766,15.360,0
tmc,37-taxon,true-genetrees/0.5X-200-true,R14,0.1765,6.169,81.348,15.360,0
supertriplets,37-taxon,true-genetrees/0.5X-200-true,R14,37,0.131,54.047,15.360,0
stelar,37-taxon,true-genetrees/0.5X-200-true,R7,0.0588,0.558,229.969,104.448,0
astral,37-taxon,true-genetrees/0.5X-200-true,R7,0.0588,1.934,384.520,107.520,0
aster,37-taxon,true-genetrees/0.5X-200-true,R7,0.0588,0.695,23.125,15.360,0
treeqmc,37-taxon,true-genetrees/0.5X-200-true,R7,0.0588,0.888,9.938,15.360,0
tmc,37-taxon,true-genetrees/0.5X-200-true,R7,0.2059,6.153,81.258,15.360,0
supertriplets,37-taxon,true-genetrees/0.5X-200-true,R7,37,0.128,54.199,15.360,0
stelar,37-taxon,true-genetrees/0.5X-200-true,R6,0.0000,0.562,232.402,107.520,0
astral,37-taxon,true-genetrees/0.5X-200-true,R6,0.0000,1.923,403.430,107.520,0
aster,37-taxon,true-genetrees/0.5X-200-true,R6,0.0000,0.558,23.035,15.360,0
treeqmc,37-taxon,true-genetrees/0.5X-200-true,R6,0.0294,0.868,9.895,15.360,0
tmc,37-taxon,true-genetrees/0.5X-200-true,R6,0.1765,20362.298,81.617,111.616,0
supertriplets,37-taxon,true-genetrees/0.5X-200-true,R6,37,0.135,53.090,15.360,0
stelar,37-taxon,true-genetrees/0.5X-200-true,R12,0.0000,0.515,242.805,32.768,0
astral,37-taxon,true-genetrees/0.5X-200-true,R12,0.0000,1.880,406.828,107.520,0
aster,37-taxon,true-genetrees/0.5X-200-true,R12,0.0000,0.575,23.012,15.360,0
treeqmc,37-taxon,true-genetrees/0.5X-200-true,R12,0.0000,0.865,9.898,15.360,0
tmc,37-taxon,true-genetrees/0.5X-200-true,R12,0.1765,6.029,81.355,15.360,0
supertriplets,37-taxon,true-genetrees/0.5X-200-true,R12,37,0.125,54.613,15.360,0
stelar,37-taxon,true-genetrees/0.5X-200-true,R17,0.0294,0.555,232.219,104.448,0
astral,37-taxon,true-genetrees/0.5X-200-true,R17,0.0294,1.885,380.457,107.520,0
aster,37-taxon,true-genetrees/0.5X-200-true,R17,0.0294,0.573,23.062,15.360,0
treeqmc,37-taxon,true-genetrees/0.5X-200-true,R17,0.0294,0.865,9.926,15.360,0
tmc,37-taxon,true-genetrees/0.5X-200-true,R17,0.2059,6.630,81.352,15.360,0
supertriplets,37-taxon,true-genetrees/0.5X-200-true,R17,37,0.125,53.754,15.360,0
stelar,37-taxon,true-genetrees/0.5X-200-true,R13,0.0294,0.562,228.008,104.448,0
astral,37-taxon,true-genetrees/0.5X-200-true,R13,0.0294,1.895,382.535,107.520,0
aster,37-taxon,true-genetrees/0.5X-200-true,R13,0.0294,0.570,22.703,15.360,0
treeqmc,37-taxon,true-genetrees/0.5X-200-true,R13,0.0294,0.860,9.797,15.360,0
tmc,37-taxon,true-genetrees/0.5X-200-true,R13,0.1765,6.169,81.383,15.360,0
supertriplets,37-taxon,true-genetrees/0.5X-200-true,R13,37,0.133,53.969,15.360,0
stelar,37-taxon,true-genetrees/0.5X-200-true,R2,0.0294,0.515,227.297,33.792,0
astral,37-taxon,true-genetrees/0.5X-200-true,R2,0.0294,1.905,390.242,107.520,0
aster,37-taxon,true-genetrees/0.5X-200-true,R2,0.0294,0.593,23.047,15.360,0
treeqmc,37-taxon,true-genetrees/0.5X-200-true,R2,0.0294,0.854,9.863,15.360,0
tmc,37-taxon,true-genetrees/0.5X-200-true,R2,0.1765,6.122,81.453,15.360,0
supertriplets,37-taxon,true-genetrees/0.5X-200-true,R2,37,0.134,53.281,15.360,0
stelar,37-taxon,true-genetrees/0.5X-200-true,R5,0.0588,0.569,227.973,106.496,0
astral,37-taxon,true-genetrees/0.5X-200-true,R5,0.0588,1.933,389.895,107.520,0
aster,37-taxon,true-genetrees/0.5X-200-true,R5,0.0588,0.719,23.055,15.360,0
treeqmc,37-taxon,true-genetrees/0.5X-200-true,R5,0.0588,0.872,9.871,15.360,0
tmc,37-taxon,true-genetrees/0.5X-200-true,R5,0.1765,6.201,80.918,15.360,0
supertriplets,37-taxon,true-genetrees/0.5X-200-true,R5,37,0.138,53.645,15.360,0
stelar,37-taxon,true-genetrees/0.5X-200-true,R16,0.0294,0.555,226.234,104.448,0
astral,37-taxon,true-genetrees/0.5X-200-true,R16,0.0294,1.903,387.949,107.520,0
aster,37-taxon,true-genetrees/0.5X-200-true,R16,0.0294,0.570,23.043,15.360,0
treeqmc,37-taxon,true-genetrees/0.5X-200-true,R16,0.0294,0.870,9.793,15.360,0
tmc,37-taxon,true-genetrees/0.5X-200-true,R16,0.1471,6.536,81.367,15.360,0
supertriplets,37-taxon,true-genetrees/0.5X-200-true,R16,37,0.128,53.871,15.360,0
stelar,37-taxon,true-genetrees/0.5X-200-true,R1,0.0294,2.154,248.211,107.520,0
astral,37-taxon,true-genetrees/0.5X-200-true,R1,0.0294,1.929,399.352,107.520,0
aster,37-taxon,true-genetrees/0.5X-200-true,R1,0.0294,0.594,22.992,15.360,0
treeqmc,37-taxon,true-genetrees/0.5X-200-true,R1,0.0294,0.863,9.930,15.360,0
tmc,37-taxon,true-genetrees/0.5X-200-true,R1,0.1765,5.820,81.168,15.360,0
supertriplets,37-taxon,true-genetrees/0.5X-200-true,R1,37,0.126,53.891,15.360,0
stelar,37-taxon,true-genetrees/0.5X-200-true,R9,0.0294,0.555,228.977,104.448,0
astral,37-taxon,true-genetrees/0.5X-200-true,R9,0.0294,1.900,385.109,107.520,0
aster,37-taxon,true-genetrees/0.5X-200-true,R9,0.0294,0.588,22.996,15.360,0
treeqmc,37-taxon,true-genetrees/0.5X-200-true,R9,0.0588,0.880,9.930,15.360,0
tmc,37-taxon,true-genetrees/0.5X-200-true,R9,0.1765,6.494,81.363,15.360,0
supertriplets,37-taxon,true-genetrees/0.5X-200-true,R9,37,0.123,53.723,15.360,0
stelar,37-taxon,true-genetrees/0.5X-200-true,R15,0.0294,0.544,228.156,104.448,0
astral,37-taxon,true-genetrees/0.5X-200-true,R15,0.0294,1.909,403.746,107.520,0
aster,37-taxon,true-genetrees/0.5X-200-true,R15,0.0294,0.601,23.164,15.360,0
treeqmc,37-taxon,true-genetrees/0.5X-200-true,R15,0.0294,0.876,9.836,15.360,0
tmc,37-taxon,true-genetrees/0.5X-200-true,R15,0.1765,6.916,81.383,15.360,0
supertriplets,37-taxon,true-genetrees/0.5X-200-true,R15,37,0.134,52.531,15.360,0
stelar,37-taxon,true-genetrees/0.5X-200-true,R3,0.0294,0.520,243.570,32.768,0
astral,37-taxon,true-genetrees/0.5X-200-true,R3,0.0294,2.086,459.543,107.520,0
aster,37-taxon,true-genetrees/0.5X-200-true,R3,0.0294,0.654,22.867,15.360,0
treeqmc,37-taxon,true-genetrees/0.5X-200-true,R3,0.0294,0.864,9.820,15.360,0
tmc,37-taxon,true-genetrees/0.5X-200-true,R3,0.1471,6.480,81.227,15.360,0
supertriplets,37-taxon,true-genetrees/0.5X-200-true,R3,37,0.136,53.945,15.360,0
stelar,37-taxon,true-genetrees/0.5X-200-true,R20,0.0588,0.566,231.496,104.448,0
astral,37-taxon,true-genetrees/0.5X-200-true,R20,0.0588,1.940,392.980,107.520,0
aster,37-taxon,true-genetrees/0.5X-200-true,R20,0.0588,0.630,23.168,15.360,0
treeqmc,37-taxon,true-genetrees/0.5X-200-true,R20,0.0588,0.873,9.602,15.360,0
tmc,37-taxon,true-genetrees/0.5X-200-true,R20,0.2059,6.414,81.215,15.360,0
supertriplets,37-taxon,true-genetrees/0.5X-200-true,R20,37,0.128,52.480,15.360,0
stelar,37-taxon,true-genetrees/0.5X-200-true,R4,0.0882,0.547,228.602,104.448,0
astral,37-taxon,true-genetrees/0.5X-200-true,R4,0.0882,1.927,401.508,107.520,0
aster,37-taxon,true-genetrees/0.5X-200-true,R4,0.0882,0.683,22.961,15.360,0
treeqmc,37-taxon,true-genetrees/0.5X-200-true,R4,0.0882,0.880,9.930,15.360,0
tmc,37-taxon,true-genetrees/0.5X-200-true,R4,0.2059,6.102,81.230,15.360,0
supertriplets,37-taxon,true-genetrees/0.5X-200-true,R4,37,0.127,53.910,15.360,0
stelar,37-taxon,true-genetrees/0.5X-200-true,R19,0.0588,0.549,233.520,104.448,0
astral,37-taxon,true-genetrees/0.5X-200-true,R19,0.0588,1.899,390.270,107.520,0
aster,37-taxon,true-genetrees/0.5X-200-true,R19,0.0588,0.695,23.125,15.360,0
treeqmc,37-taxon,true-genetrees/0.5X-200-true,R19,0.0294,0.869,9.930,15.360,0
tmc,37-taxon,true-genetrees/0.5X-200-true,R19,0.0882,6.102,81.234,15.360,0
supertriplets,37-taxon,true-genetrees/0.5X-200-true,R19,37,0.131,52.680,15.360,0
stelar,37-taxon,true-genetrees/0.5X-200-true,R8,0.0588,0.562,247.488,104.448,0
astral,37-taxon,true-genetrees/0.5X-200-true,R8,0.0588,1.917,391.875,107.520,0
aster,37-taxon,true-genetrees/0.5X-200-true,R8,0.0588,0.655,23.004,15.360,0
treeqmc,37-taxon,true-genetrees/0.5X-200-true,R8,0.0588,0.871,9.867,15.360,0
tmc,37-taxon,true-genetrees/0.5X-200-true,R8,0.1471,6.629,81.328,15.360,0
supertriplets,37-taxon,true-genetrees/0.5X-200-true,R8,37,0.123,55.102,15.360,0
stelar,37-taxon,true-genetrees/0.5X-200-true,R11,0.0000,0.527,227.914,32.768,0
astral,37-taxon,true-genetrees/0.5X-200-true,R11,0.0294,1.959,404.133,107.520,0
aster,37-taxon,true-genetrees/0.5X-200-true,R11,0.0294,0.580,22.961,15.360,0
treeqmc,37-taxon,true-genetrees/0.5X-200-true,R11,0.0294,0.873,9.781,15.360,0
tmc,37-taxon,true-genetrees/0.5X-200-true,R11,0.1471,5.948,81.496,15.360,0
supertriplets,37-taxon,true-genetrees/0.5X-200-true,R11,37,0.128,53.973,15.360,0
stelar,37-taxon,true-genetrees/0.5X-200-true,R18,0.0588,0.536,228.887,104.448,0
astral,37-taxon,true-genetrees/0.5X-200-true,R18,0.0588,1.923,394.848,107.520,0
aster,37-taxon,true-genetrees/0.5X-200-true,R18,0.0588,0.589,23.020,15.360,0
treeqmc,37-taxon,true-genetrees/0.5X-200-true,R18,0.0000,0.863,9.801,15.360,0
tmc,37-taxon,true-genetrees/0.5X-200-true,R18,0.1765,6.506,81.230,15.360,0
supertriplets,37-taxon,true-genetrees/0.5X-200-true,R18,37,0.126,53.555,15.360,0
stelar,37-taxon,true-genetrees/2X-200-true,R10,0.0000,0.518,221.125,104.448,0
astral,37-taxon,true-genetrees/2X-200-true,R10,0.0000,1.677,357.805,107.520,0
treeqmc,37-taxon,true-genetrees/2X-200-true,R10,0.0000,0.847,9.895,15.360,0
stelar,37-taxon,true-genetrees/2X-200-true,R14,0.0000,0.463,215.695,104.448,0
astral,37-taxon,true-genetrees/2X-200-true,R14,0.0000,1.656,343.570,107.520,0
treeqmc,37-taxon,true-genetrees/2X-200-true,R14,0.0000,0.845,9.879,15.360,0
stelar,37-taxon,true-genetrees/2X-200-true,R7,0.0000,0.523,221.230,104.448,0
astral,37-taxon,true-genetrees/2X-200-true,R7,0.0000,1.739,351.500,107.520,0
treeqmc,37-taxon,true-genetrees/2X-200-true,R7,0.0000,0.853,9.887,15.360,0
stelar,37-taxon,true-genetrees/2X-200-true,R6,0.0000,0.566,211.082,104.448,0
astral,37-taxon,true-genetrees/2X-200-true,R6,0.0000,1.817,342.230,107.520,0
treeqmc,37-taxon,true-genetrees/2X-200-true,R6,0.0000,0.856,9.930,15.360,0
stelar,37-taxon,true-genetrees/2X-200-true,R12,0.0000,0.534,213.059,106.496,0
astral,37-taxon,true-genetrees/2X-200-true,R12,0.0000,1.749,348.379,107.520,0
treeqmc,37-taxon,true-genetrees/2X-200-true,R12,0.0000,0.846,9.930,15.360,0
stelar,37-taxon,true-genetrees/2X-200-true,R17,0.0294,0.446,214.613,104.448,0
astral,37-taxon,true-genetrees/2X-200-true,R17,0.0294,1.689,339.836,107.520,0
treeqmc,37-taxon,true-genetrees/2X-200-true,R17,0.0294,1.013,9.770,15.360,0
stelar,37-taxon,true-genetrees/2X-200-true,R13,0.0000,0.548,213.363,104.448,0
astral,37-taxon,true-genetrees/2X-200-true,R13,0.0000,1.701,310.516,107.520,0
treeqmc,37-taxon,true-genetrees/2X-200-true,R13,0.0000,0.845,9.770,15.360,0
stelar,37-taxon,true-genetrees/2X-200-true,R2,0.0000,0.512,215.844,107.520,0
astral,37-taxon,true-genetrees/2X-200-true,R2,0.0000,1.706,338.207,107.520,0
treeqmc,37-taxon,true-genetrees/2X-200-true,R2,0.0000,0.843,9.926,15.360,0
stelar,37-taxon,true-genetrees/2X-200-true,R5,0.0000,0.506,213.777,106.496,0
astral,37-taxon,true-genetrees/2X-200-true,R5,0.0000,1.839,321.000,107.520,0
treeqmc,37-taxon,true-genetrees/2X-200-true,R5,0.0000,0.859,9.723,15.360,0
stelar,37-taxon,true-genetrees/2X-200-true,R16,0.0000,0.539,216.492,106.496,0
astral,37-taxon,true-genetrees/2X-200-true,R16,0.0000,1.659,320.551,107.520,0
treeqmc,37-taxon,true-genetrees/2X-200-true,R16,0.0000,0.844,9.930,15.360,0
stelar,37-taxon,true-genetrees/2X-200-true,R1,0.0000,0.530,212.512,104.448,0
astral,37-taxon,true-genetrees/2X-200-true,R1,0.0000,1.662,339.008,107.520,0
treeqmc,37-taxon,true-genetrees/2X-200-true,R1,0.0000,0.834,9.879,15.360,0
stelar,37-taxon,true-genetrees/2X-200-true,R9,0.0000,0.561,226.777,104.448,0
astral,37-taxon,true-genetrees/2X-200-true,R9,0.0000,1.695,352.211,107.520,0
treeqmc,37-taxon,true-genetrees/2X-200-true,R9,0.0000,1.020,9.930,15.360,0
stelar,37-taxon,true-genetrees/2X-200-true,R15,0.0000,0.531,221.191,107.520,0
astral,37-taxon,true-genetrees/2X-200-true,R15,0.0000,1.668,339.602,107.520,0
treeqmc,37-taxon,true-genetrees/2X-200-true,R15,0.0000,0.839,9.688,15.360,0
stelar,37-taxon,true-genetrees/2X-200-true,R3,0.0000,0.527,214.742,104.448,0
astral,37-taxon,true-genetrees/2X-200-true,R3,0.0000,1.697,354.324,107.520,0
treeqmc,37-taxon,true-genetrees/2X-200-true,R3,0.0000,0.862,9.801,15.360,0
stelar,37-taxon,true-genetrees/2X-200-true,R20,0.0000,0.527,221.391,32.768,0
astral,37-taxon,true-genetrees/2X-200-true,R20,0.0000,1.736,349.047,107.520,0
treeqmc,37-taxon,true-genetrees/2X-200-true,R20,0.0000,0.838,9.922,15.360,0
stelar,37-taxon,true-genetrees/2X-200-true,R4,0.0000,0.530,210.402,32.768,0
astral,37-taxon,true-genetrees/2X-200-true,R4,0.0000,1.766,315.820,107.520,0
treeqmc,37-taxon,true-genetrees/2X-200-true,R4,0.0000,0.861,9.930,15.360,0
stelar,37-taxon,true-genetrees/2X-200-true,R19,0.0000,0.564,222.727,104.448,0
astral,37-taxon,true-genetrees/2X-200-true,R19,0.0000,1.674,352.832,107.520,0
treeqmc,37-taxon,true-genetrees/2X-200-true,R19,0.0000,0.848,9.785,15.360,0
stelar,37-taxon,true-genetrees/2X-200-true,R8,0.0294,0.497,220.133,46.080,0
astral,37-taxon,true-genetrees/2X-200-true,R8,0.0294,1.663,352.598,107.520,0
treeqmc,37-taxon,true-genetrees/2X-200-true,R8,0.0000,0.844,9.680,15.360,0
stelar,37-taxon,true-genetrees/2X-200-true,R11,0.0000,0.551,211.750,104.448,0
astral,37-taxon,true-genetrees/2X-200-true,R11,0.0000,1.808,414.984,107.520,0
treeqmc,37-taxon,true-genetrees/2X-200-true,R11,0.0000,0.841,9.707,15.360,0
stelar,37-taxon,true-genetrees/2X-200-true,R18,0.0000,0.519,213.184,107.520,0
astral,37-taxon,true-genetrees/2X-200-true,R18,0.0000,1.673,351.961,107.520,0
treeqmc,37-taxon,true-genetrees/2X-200-true,R18,0.0000,0.845,9.930,15.360,0
stelar,37-taxon,true-genetrees/1X-800-true,R10,0.0000,0.642,288.867,107.520,0
astral,37-taxon,true-genetrees/1X-800-true,R10,0.0000,2.373,487.941,107.520,0
aster,37-taxon,true-genetrees/1X-800-true,R10,0.0000,1.980,81.012,15.360,0
treeqmc,37-taxon,true-genetrees/1X-800-true,R10,0.0000,2.253,25.926,15.360,0
tmc,37-taxon,true-genetrees/1X-800-true,R10,0.1176,23.870,319.328,15.360,0
supertriplets,37-taxon,true-genetrees/1X-800-true,R10,37,0.199,67.109,15.360,0
stelar,37-taxon,true-genetrees/1X-800-true,R14,0.0000,0.675,287.316,104.448,0
astral,37-taxon,true-genetrees/1X-800-true,R14,0.0000,2.462,504.441,107.520,0
aster,37-taxon,true-genetrees/1X-800-true,R14,0.0000,2.480,78.047,15.360,0
treeqmc,37-taxon,true-genetrees/1X-800-true,R14,0.0000,2.241,25.723,15.360,0
tmc,37-taxon,true-genetrees/1X-800-true,R14,0.1471,22.876,318.953,15.360,0
supertriplets,37-taxon,true-genetrees/1X-800-true,R14,37,0.205,66.098,15.360,0
stelar,37-taxon,true-genetrees/1X-800-true,R7,0.0000,0.665,286.129,107.520,0
astral,37-taxon,true-genetrees/1X-800-true,R7,0.0000,2.740,512.332,107.520,0
aster,37-taxon,true-genetrees/1X-800-true,R7,0.0000,1.807,78.164,15.360,0
treeqmc,37-taxon,true-genetrees/1X-800-true,R7,0.0000,2.254,25.691,15.360,0
tmc,37-taxon,true-genetrees/1X-800-true,R7,0.1765,22.951,319.480,15.360,0
supertriplets,37-taxon,true-genetrees/1X-800-true,R7,37,0.194,67.230,15.360,0
stelar,37-taxon,true-genetrees/1X-800-true,R6,0.0000,0.689,296.391,104.448,0
astral,37-taxon,true-genetrees/1X-800-true,R6,0.0000,2.489,481.875,107.520,0
aster,37-taxon,true-genetrees/1X-800-true,R6,0.0000,1.867,77.957,15.360,0
treeqmc,37-taxon,true-genetrees/1X-800-true,R6,0.0000,2.250,25.891,15.360,0
tmc,37-taxon,true-genetrees/1X-800-true,R6,0.1765,22.615,319.223,15.360,0
supertriplets,37-taxon,true-genetrees/1X-800-true,R6,37,0.198,66.621,15.360,0
stelar,37-taxon,true-genetrees/1X-800-true,R12,0.0000,0.695,302.465,104.448,0
astral,37-taxon,true-genetrees/1X-800-true,R12,0.0000,2.732,523.445,107.520,0
aster,37-taxon,true-genetrees/1X-800-true,R12,0.0000,1.785,77.996,15.360,0
treeqmc,37-taxon,true-genetrees/1X-800-true,R12,0.0000,2.245,25.918,15.360,0
tmc,37-taxon,true-genetrees/1X-800-true,R12,0.1765,22.893,319.602,15.360,0
supertriplets,37-taxon,true-genetrees/1X-800-true,R12,37,0.196,66.871,15.360,0
stelar,37-taxon,true-genetrees/1X-800-true,R17,0.0000,0.628,287.965,107.520,0
astral,37-taxon,true-genetrees/1X-800-true,R17,0.0000,2.533,520.160,107.520,0
treeqmc,37-taxon,true-genetrees/1X-800-true,R17,0.0000,2.240,25.859,15.360,0
stelar,37-taxon,true-genetrees/1X-800-true,R13,0.0000,0.687,299.617,104.448,0
astral,37-taxon,true-genetrees/1X-800-true,R13,0.0000,2.552,508.168,107.520,0
aster,37-taxon,true-genetrees/1X-800-true,R13,0.0000,2.617,78.352,15.360,0
treeqmc,37-taxon,true-genetrees/1X-800-true,R13,0.0000,2.259,25.723,15.360,0
tmc,37-taxon,true-genetrees/1X-800-true,R13,0.1765,23.654,318.949,15.360,0
supertriplets,37-taxon,true-genetrees/1X-800-true,R13,37,0.272,67.324,15.360,0
stelar,37-taxon,true-genetrees/1X-800-true,R2,0.0000,0.652,285.434,107.520,0
astral,37-taxon,true-genetrees/1X-800-true,R2,0.0000,2.479,491.078,107.520,0
aster,37-taxon,true-genetrees/1X-800-true,R2,0.0000,1.951,77.957,15.360,0
treeqmc,37-taxon,true-genetrees/1X-800-true,R2,0.0000,2.213,25.930,15.360,0
tmc,37-taxon,true-genetrees/1X-800-true,R2,0.1176,23.070,319.090,15.360,0
supertriplets,37-taxon,true-genetrees/1X-800-true,R2,37,0.193,66.324,15.360,0
stelar,37-taxon,true-genetrees/1X-800-true,R5,0.0000,0.679,296.898,104.448,0
astral,37-taxon,true-genetrees/1X-800-true,R5,0.0000,2.482,505.656,107.520,0
aster,37-taxon,true-genetrees/1X-800-true,R5,0.0000,1.885,77.973,15.360,0
treeqmc,37-taxon,true-genetrees/1X-800-true,R5,0.0000,2.259,25.867,15.360,0
tmc,37-taxon,true-genetrees/1X-800-true,R5,0.0882,23.490,319.328,15.360,0
supertriplets,37-taxon,true-genetrees/1X-800-true,R5,37,0.222,67.645,15.360,0
stelar,37-taxon,true-genetrees/1X-800-true,R16,0.0000,0.653,289.414,106.496,0
astral,37-taxon,true-genetrees/1X-800-true,R16,0.0000,2.701,500.539,107.520,0
treeqmc,37-taxon,true-genetrees/1X-800-true,R16,0.0000,2.226,25.773,15.360,0
stelar,37-taxon,true-genetrees/1X-800-true,R1,0.0000,0.659,300.574,107.520,0
astral,37-taxon,true-genetrees/1X-800-true,R1,0.0000,2.600,514.121,107.520,0
aster,37-taxon,true-genetrees/1X-800-true,R1,0.0000,1.724,78.094,15.360,0
treeqmc,37-taxon,true-genetrees/1X-800-true,R1,0.0000,2.236,25.887,15.360,0
tmc,37-taxon,true-genetrees/1X-800-true,R1,0.0588,23.148,319.453,15.360,0
supertriplets,37-taxon,true-genetrees/1X-800-true,R1,37,0.194,66.387,15.360,0
stelar,37-taxon,true-genetrees/1X-800-true,R9,0.0000,0.659,306.699,104.448,0
astral,37-taxon,true-genetrees/1X-800-true,R9,0.0000,2.463,494.129,107.520,0
aster,37-taxon,true-genetrees/1X-800-true,R9,0.0000,1.947,81.004,15.360,0
treeqmc,37-taxon,true-genetrees/1X-800-true,R9,0.0000,2.230,25.930,15.360,0
tmc,37-taxon,true-genetrees/1X-800-true,R9,0.1765,22.887,319.227,15.360,0
supertriplets,37-taxon,true-genetrees/1X-800-true,R9,37,0.200,66.449,15.360,0
stelar,37-taxon,true-genetrees/1X-800-true,R15,0.0000,0.660,291.012,107.520,0
astral,37-taxon,true-genetrees/1X-800-true,R15,0.0000,2.506,500.641,107.520,0
aster,37-taxon,true-genetrees/1X-800-true,R15,0.0000,1.770,78.066,15.360,0
treeqmc,37-taxon,true-genetrees/1X-800-true,R15,0.0000,2.227,25.809,15.360,0
supertriplets,37-taxon,true-genetrees/1X-800-true,R15,37,0.199,67.109,15.360,0
stelar,37-taxon,true-genetrees/1X-800-true,R3,0.0000,0.583,233.762,107.520,0
astral,37-taxon,true-genetrees/1X-800-true,R3,0.0000,1.943,397.879,107.520,0
aster,37-taxon,true-genetrees/1X-800-true,R3,0.0000,0.853,35.457,15.360,0
treeqmc,37-taxon,true-genetrees/1X-800-true,R3,0.0000,1.175,13.512,15.360,0
tmc,37-taxon,true-genetrees/1X-800-true,R3,0.1471,10.497,134.789,15.360,0
supertriplets,37-taxon,true-genetrees/1X-800-true,R3,37,0.162,56.480,15.360,0
stelar,37-taxon,true-genetrees/1X-800-true,R20,0.0000,0.654,292.656,107.520,0
astral,37-taxon,true-genetrees/1X-800-true,R20,0.0000,2.473,493.734,107.520,0
treeqmc,37-taxon,true-genetrees/1X-800-true,R20,0.0000,2.240,25.895,15.360,0
stelar,37-taxon,true-genetrees/1X-800-true,R4,0.0000,0.668,299.219,104.448,0
astral,37-taxon,true-genetrees/1X-800-true,R4,0.0000,2.490,486.594,107.520,0
aster,37-taxon,true-genetrees/1X-800-true,R4,0.0000,1.772,78.199,15.360,0
treeqmc,37-taxon,true-genetrees/1X-800-true,R4,0.0000,2.241,26.055,15.360,0
tmc,37-taxon,true-genetrees/1X-800-true,R4,0.2059,22.674,319.324,15.360,0
supertriplets,37-taxon,true-genetrees/1X-800-true,R4,37,0.212,67.531,15.360,0
stelar,37-taxon,true-genetrees/1X-800-true,R19,0.0000,0.628,285.199,107.520,0
astral,37-taxon,true-genetrees/1X-800-true,R19,0.0000,2.422,505.215,107.520,0
treeqmc,37-taxon,true-genetrees/1X-800-true,R19,0.0000,2.253,25.848,15.360,0
stelar,37-taxon,true-genetrees/1X-800-true,R8,0.0000,0.625,287.781,107.520,0
astral,37-taxon,true-genetrees/1X-800-true,R8,0.0000,2.965,489.090,107.520,0
aster,37-taxon,true-genetrees/1X-800-true,R8,0.0000,1.917,78.082,15.360,0
treeqmc,37-taxon,true-genetrees/1X-800-true,R8,0.0000,2.231,25.891,15.360,0
tmc,37-taxon,true-genetrees/1X-800-true,R8,0.2059,23.148,319.219,15.360,0
supertriplets,37-taxon,true-genetrees/1X-800-true,R8,37,0.197,67.176,15.360,0
stelar,37-taxon,true-genetrees/1X-800-true,R11,0.0000,0.666,292.641,104.448,0
astral,37-taxon,true-genetrees/1X-800-true,R11,0.0000,2.492,484.977,107.520,0
aster,37-taxon,true-genetrees/1X-800-true,R11,0.0000,1.787,78.086,15.360,0
treeqmc,37-taxon,true-genetrees/1X-800-true,R11,0.0000,2.242,25.914,15.360,0
tmc,37-taxon,true-genetrees/1X-800-true,R11,0.1471,22.968,319.453,15.360,0
supertriplets,37-taxon,true-genetrees/1X-800-true,R11,37,0.193,65.887,15.360,0
stelar,37-taxon,true-genetrees/1X-800-true,R18,0.0000,0.658,285.477,107.520,0
astral,37-taxon,true-genetrees/1X-800-true,R18,0.0000,2.609,497.555,107.520,0
treeqmc,37-taxon,true-genetrees/1X-800-true,R18,0.0000,2.241,26.055,15.360,0
stelar,37-taxon,true-genetrees/1X-400-true,R10,0.0000,0.594,242.309,107.520,0
astral,37-taxon,true-genetrees/1X-400-true,R10,0.0000,2.064,401.230,107.520,0
aster,37-taxon,true-genetrees/1X-400-true,R10,0.0000,0.897,42.941,15.360,0
treeqmc,37-taxon,true-genetrees/1X-400-true,R10,0.0000,1.331,15.098,15.360,0
tmc,37-taxon,true-genetrees/1X-400-true,R10,0.1471,12.147,160.633,15.360,0
supertriplets,37-taxon,true-genetrees/1X-400-true,R10,37,0.151,58.617,15.360,0
stelar,37-taxon,true-genetrees/1X-400-true,R14,0.0000,0.581,248.387,107.520,0
astral,37-taxon,true-genetrees/1X-400-true,R14,0.0000,2.047,460.359,107.520,0
aster,37-taxon,true-genetrees/1X-400-true,R14,0.0000,0.908,42.758,15.360,0
treeqmc,37-taxon,true-genetrees/1X-400-true,R14,0.0000,1.325,15.043,15.360,0
tmc,37-taxon,true-genetrees/1X-400-true,R14,0.1471,11.703,160.723,15.360,0
supertriplets,37-taxon,true-genetrees/1X-400-true,R14,37,0.153,60.125,15.360,0
stelar,37-taxon,true-genetrees/1X-400-true,R7,0.0294,0.623,255.379,107.520,0
astral,37-taxon,true-genetrees/1X-400-true,R7,0.0294,2.058,404.363,107.520,0
aster,37-taxon,true-genetrees/1X-400-true,R7,0.0294,0.977,41.348,15.360,0
treeqmc,37-taxon,true-genetrees/1X-400-true,R7,0.0000,1.331,14.977,15.360,0
tmc,37-taxon,true-genetrees/1X-400-true,R7,0.2059,11.575,160.328,15.360,0
supertriplets,37-taxon,true-genetrees/1X-400-true,R7,37,0.143,58.559,15.360,0
stelar,37-taxon,true-genetrees/1X-400-true,R6,0.0000,0.573,255.141,107.520,0
astral,37-taxon,true-genetrees/1X-400-true,R6,0.0000,2.061,414.871,107.520,0
aster,37-taxon,true-genetrees/1X-400-true,R6,0.0000,0.990,41.383,15.360,0
treeqmc,37-taxon,true-genetrees/1X-400-true,R6,0.0000,1.327,14.980,15.360,0
tmc,37-taxon,true-genetrees/1X-400-true,R6,0.1471,11.690,160.477,15.360,0
supertriplets,37-taxon,true-genetrees/1X-400-true,R6,37,0.146,58.781,15.360,0
stelar,37-taxon,true-genetrees/1X-400-true,R12,0.0000,0.598,243.973,107.520,0
astral,37-taxon,true-genetrees/1X-400-true,R12,0.0000,2.060,404.348,107.520,0
aster,37-taxon,true-genetrees/1X-400-true,R12,0.0000,0.819,41.312,15.360,0
treeqmc,37-taxon,true-genetrees/1X-400-true,R12,0.0000,1.321,15.180,15.360,0
tmc,37-taxon,true-genetrees/1X-400-true,R12,0.2059,12.030,160.699,15.360,0
supertriplets,37-taxon,true-genetrees/1X-400-true,R12,37,0.147,57.973,15.360,0
stelar,37-taxon,true-genetrees/1X-400-true,R17,0.0000,0.615,254.426,107.520,0
astral,37-taxon,true-genetrees/1X-400-true,R17,0.0000,2.045,406.707,107.520,0
aster,37-taxon,true-genetrees/1X-400-true,R17,0.0000,0.894,41.383,15.360,0
treeqmc,37-taxon,true-genetrees/1X-400-true,R17,0.0000,1.311,15.305,15.360,0
tmc,37-taxon,true-genetrees/1X-400-true,R17,0.1765,12.291,160.887,15.360,0
supertriplets,37-taxon,true-genetrees/1X-400-true,R17,37,0.153,59.195,15.360,0
stelar,37-taxon,true-genetrees/1X-400-true,R13,0.0000,0.620,259.332,107.520,0
astral,37-taxon,true-genetrees/1X-400-true,R13,0.0000,2.084,406.852,107.520,0
aster,37-taxon,true-genetrees/1X-400-true,R13,0.0000,0.898,41.465,15.360,0
treeqmc,37-taxon,true-genetrees/1X-400-true,R13,0.0000,1.330,15.152,15.360,0
tmc,37-taxon,true-genetrees/1X-400-true,R13,0.1471,11.425,160.453,15.360,0
supertriplets,37-taxon,true-genetrees/1X-400-true,R13,37,0.157,59.320,15.360,0
stelar,37-taxon,true-genetrees/1X-400-true,R2,0.0000,0.597,254.801,107.520,0
astral,37-taxon,true-genetrees/1X-400-true,R2,0.0000,2.212,393.562,107.520,0
aster,37-taxon,true-genetrees/1X-400-true,R2,0.0000,1.170,41.500,15.360,0
treeqmc,37-taxon,true-genetrees/1X-400-true,R2,0.0000,1.317,15.238,15.360,0
tmc,37-taxon,true-genetrees/1X-400-true,R2,0.1765,11.644,160.461,15.360,0
supertriplets,37-taxon,true-genetrees/1X-400-true,R2,37,0.157,58.359,15.360,0
stelar,37-taxon,true-genetrees/1X-400-true,R5,0.0000,0.593,243.652,107.520,0
astral,37-taxon,true-genetrees/1X-400-true,R5,0.0000,2.217,399.973,107.520,0
aster,37-taxon,true-genetrees/1X-400-true,R5,0.0000,0.909,41.621,15.360,0
treeqmc,37-taxon,true-genetrees/1X-400-true,R5,0.0000,1.314,15.188,15.360,0
tmc,37-taxon,true-genetrees/1X-400-true,R5,0.1471,11.822,160.777,15.360,0
supertriplets,37-taxon,true-genetrees/1X-400-true,R5,37,0.147,59.012,15.360,0
stelar,37-taxon,true-genetrees/1X-400-true,R16,0.0294,0.583,245.047,107.520,0
astral,37-taxon,true-genetrees/1X-400-true,R16,0.0294,2.125,406.359,107.520,0
aster,37-taxon,true-genetrees/1X-400-true,R16,0.0294,1.040,42.723,15.360,0
treeqmc,37-taxon,true-genetrees/1X-400-true,R16,0.0000,1.305,15.133,15.360,0
tmc,37-taxon,true-genetrees/1X-400-true,R16,0.1471,11.849,160.461,15.360,0
supertriplets,37-taxon,true-genetrees/1X-400-true,R16,37,0.153,58.750,15.360,0
stelar,37-taxon,true-genetrees/1X-400-true,R1,0.0294,0.617,254.809,107.520,0
astral,37-taxon,true-genetrees/1X-400-true,R1,0.0294,2.053,402.367,107.520,0
aster,37-taxon,true-genetrees/1X-400-true,R1,0.0294,1.025,41.312,15.360,0
treeqmc,37-taxon,true-genetrees/1X-400-true,R1,0.0000,1.333,15.207,15.360,0
tmc,37-taxon,true-genetrees/1X-400-true,R1,0.0294,12.155,160.328,15.360,0
supertriplets,37-taxon,true-genetrees/1X-400-true,R1,37,0.149,57.914,15.360,0
stelar,37-taxon,true-genetrees/1X-400-true,R9,0.0000,0.579,246.801,106.496,0
astral,37-taxon,true-genetrees/1X-400-true,R9,0.0000,2.124,402.633,107.520,0
aster,37-taxon,true-genetrees/1X-400-true,R9,0.0000,0.945,42.742,15.360,0
treeqmc,37-taxon,true-genetrees/1X-400-true,R9,0.0000,1.342,15.305,15.360,0
tmc,37-taxon,true-genetrees/1X-400-true,R9,0.1471,11.849,160.230,15.360,0
supertriplets,37-taxon,true-genetrees/1X-400-true,R9,37,0.146,59.234,15.360,0
stelar,37-taxon,true-genetrees/1X-400-true,R15,0.0294,0.587,242.656,107.520,0
astral,37-taxon,true-genetrees/1X-400-true,R15,0.0294,2.097,395.348,107.520,0
aster,37-taxon,true-genetrees/1X-400-true,R15,0.0294,1.144,41.402,15.360,0
treeqmc,37-taxon,true-genetrees/1X-400-true,R15,0.0294,1.320,15.305,15.360,0
tmc,37-taxon,true-genetrees/1X-400-true,R15,0.2059,11.784,160.387,15.360,0
supertriplets,37-taxon,true-genetrees/1X-400-true,R15,37,0.158,57.922,15.360,0
stelar,37-taxon,true-genetrees/1X-400-true,R3,0.0000,0.554,249.734,104.448,0
astral,37-taxon,true-genetrees/1X-400-true,R3,0.0000,2.077,392.738,107.520,0
aster,37-taxon,true-genetrees/1X-400-true,R3,0.0000,0.921,42.812,15.360,0
treeqmc,37-taxon,true-genetrees/1X-400-true,R3,0.0000,1.340,15.305,15.360,0
tmc,37-taxon,true-genetrees/1X-400-true,R3,0.2059,11.672,160.539,15.360,0
supertriplets,37-taxon,true-genetrees/1X-400-true,R3,37,0.143,58.590,15.360,0
stelar,37-taxon,true-genetrees/1X-400-true,R20,0.0000,0.587,257.191,107.520,0
astral,37-taxon,true-genetrees/1X-400-true,R20,0.0000,2.121,400.379,107.520,0
aster,37-taxon,true-genetrees/1X-400-true,R20,0.0000,0.910,42.844,15.360,0
treeqmc,37-taxon,true-genetrees/1X-400-true,R20,0.0000,1.325,15.043,15.360,0
tmc,37-taxon,true-genetrees/1X-400-true,R20,0.1765,12.072,160.703,15.360,0
supertriplets,37-taxon,true-genetrees/1X-400-true,R20,37,0.144,58.180,15.360,0
stelar,37-taxon,true-genetrees/1X-400-true,R4,0.0000,0.577,242.168,107.520,0
astral,37-taxon,true-genetrees/1X-400-true,R4,0.0000,2.103,398.715,107.520,0
aster,37-taxon,true-genetrees/1X-400-true,R4,0.0000,1.024,43.172,15.360,0
treeqmc,37-taxon,true-genetrees/1X-400-true,R4,0.0000,1.323,15.242,15.360,0
tmc,37-taxon,true-genetrees/1X-400-true,R4,0.1176,11.923,160.500,15.360,0
supertriplets,37-taxon,true-genetrees/1X-400-true,R4,37,0.157,56.664,15.360,0
stelar,37-taxon,true-genetrees/1X-400-true,R19,0.0000,0.599,244.125,107.520,0
astral,37-taxon,true-genetrees/1X-400-true,R19,0.0000,2.242,402.113,107.520,0
aster,37-taxon,true-genetrees/1X-400-true,R19,0.0000,0.894,42.785,15.360,0
treeqmc,37-taxon,true-genetrees/1X-400-true,R19,0.0000,1.326,15.098,15.360,0
tmc,37-taxon,true-genetrees/1X-400-true,R19,0.1176,11.692,160.750,15.360,0
supertriplets,37-taxon,true-genetrees/1X-400-true,R19,37,0.147,58.973,15.360,0
stelar,37-taxon,true-genetrees/1X-400-true,R8,0.0000,0.611,258.586,107.520,0
astral,37-taxon,true-genetrees/1X-400-true,R8,0.0000,2.108,404.617,107.520,0
aster,37-taxon,true-genetrees/1X-400-true,R8,0.0000,0.985,42.789,15.360,0
treeqmc,37-taxon,true-genetrees/1X-400-true,R8,0.0000,1.320,15.305,15.360,0
tmc,37-taxon,true-genetrees/1X-400-true,R8,0.1176,11.987,160.598,15.360,0
supertriplets,37-taxon,true-genetrees/1X-400-true,R8,37,0.143,56.895,15.360,0
stelar,37-taxon,true-genetrees/1X-400-true,R11,0.0000,0.619,247.414,107.520,0
astral,37-taxon,true-genetrees/1X-400-true,R11,0.0000,2.108,397.773,107.520,0
aster,37-taxon,true-genetrees/1X-400-true,R11,0.0000,0.950,43.020,15.360,0
treeqmc,37-taxon,true-genetrees/1X-400-true,R11,0.0000,1.327,15.148,15.360,0
tmc,37-taxon,true-genetrees/1X-400-true,R11,0.1765,11.837,160.637,15.360,0
supertriplets,37-taxon,true-genetrees/1X-400-true,R11,37,0.157,57.941,15.360,0
stelar,37-taxon,true-genetrees/1X-400-true,R18,0.0000,0.603,246.230,107.520,0
astral,37-taxon,true-genetrees/1X-400-true,R18,0.0000,2.107,400.832,107.520,0
aster,37-taxon,true-genetrees/1X-400-true,R18,0.0000,0.951,42.969,15.360,0
treeqmc,37-taxon,true-genetrees/1X-400-true,R18,0.0000,1.397,14.910,15.360,0
tmc,37-taxon,true-genetrees/1X-400-true,R18,0.2059,11.736,160.828,15.360,0
supertriplets,37-taxon,true-genetrees/1X-400-true,R18,37,0.142,57.867,15.360,0
