alg,num-taxa,gene-trees,replicate,sb,spmin,spmax,rf-rate,running-time-s,max-cpu-mb,max-gpu-mb,gt-gt,gt-st
stelar,1000,1000,R1,0.000001,100000,150000,0.0040,1.970,1015.809,1586.176,22.2166,15.3059
stelar,2000,1000,R1,0.000001,100000,150000,0.0040,4.886,4125.590,1737.728,25.8588,17.7666
stelar,5000,1000,R1,0.000001,100000,150000,0.0056,99.781,9532.164,1956.864,24.3826,16.9822
stelar,7500,1000,R1,0.000001,100000,250000,0.0071,2116.231,11149.043,3309.568,37.8431,26.5920
