alg,num-taxa,gene-trees,replicate,sb,spmin,spmax,rf-rate,running-time-s,max-cpu-mb,max-gpu-mb,gt-gt,gt-st
stelar,10000,1000,R1,0.000001,100000,150000,0.0056,940.196,15499.590,2765.824,25.6857,17.7233
stelar,15000,1000,R1,0.000001,100000,150000,0.0055,2994.442,18950.020,3941.376,24.9463,17.1608
stelar,20000,1000,R1,0.000001,100000,150000,0.0049,8141.740,27698.211,6068.224,25.3133,17.3706
stelar,25000,1000,R1,0.000001,100000,150000,0.0058,15584.114,35323.781,8548.352,25.5043,17.6573
stelar,30000,1000,R1,0.000001,100000,150000,0.0062,27279.418,49145.244,11340.71,25.6226,17.7191
stelar,40000,1000,R1,0.000001,100000,150000,0.0061,73897.951,71368.128,17426.504,25.6129,17.7008
stelar,50000,1000,R1,0.000001,100000,150000,0.0068,151505.357,103244.236,27344.662,25.6171,17.7183
