alg,num-taxa,gene-trees,replicate,sb,spmin,spmax,rf-rate,running-time-s,max-cpu-mb,max-gpu-mb,gt-gt,gt-st
stelar,10000,1000,R1,0.000001,100000,200000,0.0070,87.321,11047.477,497.664,31.8185,22.1687
stelar,25000,1000,R1,0.000001,100000,200000,0.0076,1176.499,18659.977,638.976,31.8894,22.3163
stelar,50000,1000,R1,0.000001,100000,200000,0.0092,6660.976,54229.543,858.544,31.8894,22.3163
stelar,75000,1000,R1,0.000001,100000,200000,0.0078,16901.294,77415.117,1098.364,31.8894,22.3163
stelar,100000,1000,R1,0.000001,100000,200000,0.0079,30776.740,86336.082,1330.442,31.8894,22.3163


