alg,num-taxa,gene-trees,replicate,sb,spmin,spmax,rf-rate,running-time-s,max-cpu-mb,max-gpu-mb,gt-gt,gt-st
stelar,1000,1000,R1,0.000001,100000,150000,0.0040,2.098,1948.746,363.216,22.2166,15.3059
stelar,2000,1000,R1,0.000001,100000,150000,0.0040,4.323,4727.242,413.696,25.8588,17.7666
stelar,5000,1000,R1,0.000001,100000,150000,0.0056,17.717,7881.609,444.416,24.3826,16.9822
stelar,7500,1000,R1,0.000001,100000,150000,0.0053,33.964,9634.129,464.896,25.6129,17.6337
