num-taxa,gene-trees,replicate,sb,spmin,spmax,gt-gt,gt-st
50000,1000,R1,0.000001,100000,150000,25.6171,17.7183
50000,1000,R1,0.000001,100000,150000,25.6171,17.7183
